team_id,group_activity,country_code,created_at
0584a76b-49d6-4614-bd9a-ca5d931a4f4d,football,ZAF,2025-02-06T09:47:44.387640Z
25210927-3b96-4115-b749-5f148fd0c1d4,cricket,FRA,2024-08-15T09:47:44.387669Z
450cd4c7-2a23-48cb-af13-7ade147dd4fc,football,ZAF,2025-03-04T09:47:44.387678Z
067f720e-5b78-4194-8de5-abc4cabad665,rugby,BRA,2024-06-13T09:47:44.387685Z
3122fe6a-ee9c-4ed4-a8d8-6aa0b5c8a596,football,GBR,2025-02-25T09:47:44.387691Z
1b9d3eee-d497-4052-b3ad-6012a0c5df52,cycling,FRA,2025-01-20T09:47:44.387697Z
b0d7a746-4140-4084-8404-2990bc2e4681,football,AUS,2025-05-17T09:47:44.387704Z
857959dc-22e4-434d-a3f6-c9ffec4b8a8e,basketball,USA,2025-04-08T09:47:44.387711Z
85f03820-571d-483a-921c-3f3e64f704e2,swimming,IND,2025-02-10T09:47:44.387724Z
410cb773-cca6-4bcc-ae99-023512362876,basketball,DEU,2024-12-05T09:47:44.387731Z
baa9e688-49f4-4e4a-98d1-fb7cd8535146,hiking,NOR,2024-09-16T09:47:44.387737Z
a9fb8226-f804-4c4b-a953-bdc8c2cdcab8,cycling,AUS,2024-12-11T09:47:44.387743Z
2631f6b6-37ac-46d5-8afa-b3b387a8d08a,basketball,CAN,2024-08-09T09:47:44.387749Z
0e39ac02-1374-4cf0-b79b-f03afc08bc96,cycling,CAN,2025-01-24T09:47:44.387755Z
107378ac-4652-497d-bd77-ceb278c4c331,cricket,GBR,2025-01-12T09:47:44.387761Z
798cdd94-7785-4b2b-b2db-ec36da89eb63,rugby,FRA,2024-09-19T09:47:44.387767Z
1f51682b-7368-46ec-8e7e-e9242ee17ff7,basketball,USA,2025-04-06T09:47:44.387773Z
523ba9a0-2b1a-4690-9c63-df8d07947b54,basketball,BRA,2025-03-26T09:47:44.387779Z
beea0441-9ecc-4757-9d97-313f42415d77,basketball,NOR,2025-01-08T09:47:44.387784Z
0b07723d-0a59-4c34-9551-1f389f826259,cricket,NOR,2025-02-23T09:47:44.387790Z
11a939ab-038c-4ecb-ab66-3de05e9fa844,cricket,AUS,2025-01-15T09:47:44.387795Z
789398ec-c8f2-40d4-b0e8-57e76ca70f79,hiking,CAN,2025-03-26T09:47:44.387801Z
9b65dd72-715c-4b8c-8ac7-7abb175feb07,cricket,BRA,2024-08-05T09:47:44.387806Z
cdc7135f-f013-4ffd-9d9b-4d7ce22890e5,rugby,AUS,2024-08-21T09:47:44.387811Z
386cf824-5350-440d-931c-351c5bc6f822,hiking,DEU,2024-10-05T09:47:44.387816Z
866481ec-6483-4d3e-86f2-1031648d9b41,rugby,GBR,2025-04-15T09:47:44.387822Z
a13fc72d-7d85-4ca8-9cbd-edf1d4eb5298,cricket,AUS,2025-05-10T09:47:44.387828Z
a1ce3bbe-2208-4a9c-a82d-681a247429d3,basketball,USA,2024-06-07T09:47:44.387833Z
c40117d4-a104-4f74-9d9c-106877fdbbbc,cycling,IND,2024-06-30T09:47:44.387838Z
47769c35-b82a-4a16-ba22-31ff9e880e34,basketball,IND,2024-06-23T09:47:44.387844Z
bfef0e91-3439-4138-aa29-fb13ec33f773,rugby,ZAF,2024-09-26T09:47:44.387849Z
046a5328-6607-4a63-874f-7ad5468245c8,swimming,AUS,2024-07-06T09:47:44.387855Z
5e599fa4-cc7e-407a-9d86-c326f56a0c04,cricket,FRA,2024-12-14T09:47:44.387861Z
447a708e-d3c3-4ef3-8018-e53127c62364,hiking,IND,2024-07-21T09:47:44.387867Z
f2cfb971-f15b-4744-ab15-f3eb6fa59fdb,rugby,ZAF,2024-08-23T09:47:44.387873Z
81a7e4a8-78fc-4dcb-a25e-7e48e7879e6c,volunteering,NOR,2024-08-27T09:47:44.387878Z
34806a50-af42-4188-9d5b-04ad7f6c988b,volunteering,AUS,2025-01-03T09:47:44.387885Z
5d0cfa96-c7ae-4390-bdd6-ac601137e15e,cycling,ZAF,2024-07-12T09:47:44.387890Z
acd70b27-b7b7-4ff3-a9fd-c03e83793bd6,swimming,BRA,2024-09-29T09:47:44.387896Z
d94a4f34-2b26-490c-86e8-c4025907a518,cycling,IND,2024-06-24T09:47:44.387902Z
6fe9b6bc-479f-451b-a9cf-1b7c97c4728e,rugby,FRA,2025-02-25T09:47:44.387908Z
ce59f398-2bb4-462a-94b3-183e3641dd6f,cycling,FRA,2025-03-30T09:47:44.387913Z
56e2e935-778b-4cec-a6d6-fc9ab39b5355,rugby,USA,2025-03-30T09:47:44.387919Z
cb194dfe-6ba4-4698-b966-fcbc9528b036,rugby,GBR,2025-01-12T09:47:44.387925Z
79315fa7-0543-4d48-b9d0-79d0d7cf3870,rugby,IND,2025-05-02T09:47:44.387931Z
484da0e5-4857-490a-a0dd-887dd6e88ee8,hiking,BRA,2025-04-12T09:47:44.387936Z
cd51244a-f806-4d82-8814-32612267a071,hiking,AUS,2024-09-17T09:47:44.387942Z
f3886f1d-de8b-4e7f-b6fd-6d021798a520,cycling,USA,2024-09-05T09:47:44.387947Z
b857dcdb-995d-4cad-96a6-7dda92b80584,hiking,DEU,2025-04-30T09:47:44.387953Z
1274f8ac-25fc-4140-91f0-2ca03df7daaa,cycling,USA,2025-04-22T09:47:44.387959Z
2e3dccaf-47cc-4522-838e-aa276b0bd0e9,swimming,CAN,2024-09-28T09:47:44.387965Z
2481aa1e-9944-4cab-9efe-dd3400cf1acc,football,GBR,2024-12-17T09:47:44.387970Z
7b603c7b-6d03-4215-97de-44d522949b97,swimming,ZAF,2025-01-29T09:47:44.387976Z
04e5085b-823c-4960-ae44-ad5511707451,football,CAN,2025-05-21T09:47:44.387982Z
95270ae2-228a-4072-89bd-28498afa171b,volunteering,CAN,2025-05-02T09:47:44.387987Z
59c46242-f33c-4f0a-b8c1-5e4bd9d822dc,cycling,USA,2025-01-25T09:47:44.387993Z
5827b148-9048-404e-a18d-e71b914d21a0,cricket,USA,2024-07-11T09:47:44.387999Z
54addc67-77cf-421e-a609-d73bfbf2a47b,cricket,DEU,2024-07-07T09:47:44.388005Z
8b9b96fb-ddfc-4f6b-bb62-0aae36ec896e,hiking,DEU,2025-03-08T09:47:44.388010Z
5ecae1be-8a5e-4bf3-801f-b2e4b80c90e0,basketball,DEU,2025-04-18T09:47:44.388016Z
c735805b-9ea3-4427-ac92-6a882004ae47,swimming,DEU,2025-02-07T09:47:44.388021Z
c41de215-4fa1-4830-9792-799a200926a1,football,CAN,2024-06-24T09:47:44.388027Z
722afac2-10e5-4d80-93ef-c6c778eb2708,football,FRA,2024-09-06T09:47:44.388033Z
690b05e3-d843-4f91-abe2-d7248e117bfb,basketball,BRA,2025-03-27T09:47:44.388039Z
6696af35-e59a-46b3-ad6f-bd59392eb597,swimming,GBR,2025-03-20T09:47:44.388045Z
8da941c4-2303-4fbb-bcbe-98726a73176d,football,IND,2024-10-21T09:47:44.388051Z
923bdd52-035d-40ca-bd95-33d1d0a38594,cycling,BRA,2024-05-25T09:47:44.388057Z
0b4e5caa-de1d-4d4d-b49f-db275a410368,basketball,BRA,2025-03-19T09:47:44.388062Z
46e7af9d-f76c-40ab-8130-abd57762b5cb,cricket,IND,2025-02-04T09:47:44.388068Z
7dadb9f4-bc78-4f97-b4d4-7e4ee2e73832,volunteering,ZAF,2024-11-23T09:47:44.388074Z
545b72fc-2d65-4989-8cba-7542790d987e,basketball,AUS,2024-08-24T09:47:44.388080Z
bfcf5d8a-4ece-4215-831e-8f67d17154cc,rugby,BRA,2024-12-26T09:47:44.388086Z
484d20e2-260f-4fbe-93e2-aa7ef99958f2,swimming,ZAF,2024-05-29T09:47:44.388091Z
14a84985-9dcb-4fe8-8a31-62371d684780,basketball,BRA,2024-08-04T09:47:44.388097Z
ed35a1c2-eb07-4bd1-ab44-b4bee00b65b2,cricket,FRA,2025-04-17T09:47:44.388103Z
cbf31326-8b19-44a6-9509-2a55ba611c7a,cycling,ZAF,2025-02-15T09:47:44.388108Z
6b1b8f3d-4046-4778-9c1f-eec907884518,rugby,FRA,2024-06-28T09:47:44.388114Z
4fa25e76-6659-4c57-b19d-61d5629a4949,cycling,AUS,2024-06-26T09:47:44.388124Z
4b405258-cd0b-4a35-94c4-d51203a155ce,football,IND,2024-11-20T09:47:44.388130Z
03ac1ac1-989d-46cc-b73f-14ba2902b07d,cricket,USA,2025-01-10T09:47:44.388135Z
f67df64c-b32d-4d9f-9e74-f4c63b874069,hiking,BRA,2024-08-17T09:47:44.388141Z
084c7dec-69e8-42e3-b627-ded8b2d4786a,cycling,GBR,2024-07-07T09:47:44.388146Z
26c8d90d-ba9e-412f-a4d4-e1477f1f268e,cricket,BRA,2024-07-10T09:47:44.388152Z
2abda95d-52e0-4685-a2cd-ba541760756a,football,GBR,2024-10-28T09:47:44.388158Z
f787648a-dfcc-484e-b5fb-0129f3319ecb,volunteering,USA,2024-10-07T09:47:44.388163Z
505c9d7c-9af5-4d0c-b019-85405c7a182e,hiking,FRA,2024-08-23T09:47:44.388168Z
8b22896d-c3ff-4799-a3f5-0aa60cbdc700,cricket,ZAF,2025-03-05T09:47:44.388174Z
de940b21-5ae0-4d52-9e55-4aecf2435b83,volunteering,DEU,2024-09-07T09:47:44.388180Z
6a06cd6f-1f89-44e0-995d-c06b59ec1f92,football,ZAF,2024-12-06T09:47:44.388186Z
4e0f5c77-fa8f-40a5-8568-11898f2698b6,swimming,BRA,2025-02-12T09:47:44.388192Z
2c785d68-5e45-4359-905b-475a5dd8a56e,hiking,BRA,2025-03-31T09:47:44.388197Z
c6ab7b77-19cb-4b7d-9ef9-9c54646d7b8d,hiking,USA,2024-09-24T09:47:44.388203Z
a6f16f0c-c792-4c8c-9fd3-859d953d0510,basketball,NOR,2024-11-17T09:47:44.388208Z
4d73e9e8-fc14-43fc-8e3a-bd8da75f8a02,basketball,USA,2024-09-24T09:47:44.388214Z
367d86c5-aacd-46e0-bce1-365a3054a4c7,cycling,USA,2025-05-02T09:47:44.388219Z
c18810cf-ae4f-4971-9da4-43dce6d888a0,swimming,USA,2024-08-18T09:47:44.388225Z
b760c65a-233f-4ef9-8997-59d065774b80,volunteering,BRA,2025-02-25T09:47:44.388230Z
2769d643-c3f9-4d5e-9ee7-28c6be466a87,rugby,IND,2024-08-14T09:47:44.388236Z
96e3c9af-a0db-4810-9aaf-fac2d6125d68,rugby,DEU,2024-12-22T09:47:44.388241Z
d70f6e0b-4783-4064-bd58-d0d5d7f9a927,cricket,CAN,2025-05-08T09:47:44.388247Z
c11be45d-6019-4e32-83f4-278fb9719674,cricket,GBR,2024-11-09T09:47:44.388257Z
bdfe364b-2251-465b-957f-f2b5ab89cfd3,basketball,BRA,2024-09-26T09:47:44.388262Z
43580d71-6dcc-48d9-9441-9873b96f8628,cycling,CAN,2024-12-22T09:47:44.388268Z
9420b640-9605-4e2a-a122-b60eb5383835,volunteering,DEU,2024-07-31T09:47:44.388273Z
45521439-a767-4ed0-b215-c406d229ea38,basketball,ZAF,2025-02-01T09:47:44.388279Z
6423a389-15e2-4287-8740-bc585b2e31ae,hiking,AUS,2025-03-23T09:47:44.388284Z
8e013d34-4635-48e1-988a-42b775f2f374,basketball,CAN,2024-11-25T09:47:44.388290Z
1ebabe2f-3241-4a6f-a70a-e18a506d7f73,cycling,AUS,2025-03-05T09:47:44.388295Z
f7f7eab8-c0e9-4d26-8d6b-fd7e56505adf,volunteering,AUS,2025-04-19T09:47:44.388301Z
e977be09-3958-4b36-aea1-4729d44cc293,swimming,IND,2025-01-27T09:47:44.388307Z
7254fc25-e464-445a-a626-22e249a45760,volunteering,NOR,2024-09-01T09:47:44.388312Z
9482ad88-5f37-45f4-ac4d-3ef09781c1a3,volunteering,IND,2024-10-31T09:47:44.388318Z
b2eb49ed-49db-499e-823f-a981f2911f9f,rugby,CAN,2024-05-28T09:47:44.388323Z
d4e357a9-3618-40a5-8d33-9006cd551a7f,hiking,FRA,2024-08-11T09:47:44.388329Z
c56a9364-6821-4026-9062-84ff2eb84bbf,cricket,CAN,2024-08-01T09:47:44.388334Z
b3e62e57-b962-4d17-9547-7e26210571f7,hiking,ZAF,2024-09-09T09:47:44.388340Z
f7aaba9a-b725-4390-a0ee-17341cca063b,football,GBR,2025-05-20T09:47:44.388346Z
bff67a6c-49c5-4aca-9200-10c9b0a3cdff,rugby,ZAF,2024-06-23T09:47:44.388352Z
2d8b1352-58ab-4094-987a-87128bbb5cfe,football,BRA,2025-03-02T09:47:44.388358Z
09391fd3-57bc-470d-a0ce-a3435c1ab089,basketball,IND,2024-08-23T09:47:44.388364Z
61603952-3403-41ba-9cf2-95c384f5983e,rugby,IND,2024-07-02T09:47:44.388369Z
4e1e3eb9-4bd1-4704-87b7-c99db6c977a6,volunteering,BRA,2024-12-19T09:47:44.388375Z
bd701f50-52bb-46d7-bcd0-2d6b98d85e9d,cycling,FRA,2025-01-05T09:47:44.388381Z
15903150-b61b-49e4-8fa8-5965f640e2bc,cycling,NOR,2024-11-19T09:47:44.388386Z
28b1c9fd-0fb5-4efa-95cb-a008ccb41fd7,basketball,USA,2025-03-02T09:47:44.388392Z
f3aa68c3-7c4f-4608-9a37-11b6f8a1dca4,cricket,GBR,2024-10-01T09:47:44.388397Z
e7a6eed7-3dcc-4f16-a74c-af9b1856ac84,cycling,AUS,2024-08-28T09:47:44.388403Z
71d75180-48bc-4c7e-af80-820c0e33fce8,swimming,FRA,2024-07-11T09:47:44.388409Z
6c60d2ae-7aee-48b4-9a57-61af9ba5b3c5,rugby,BRA,2025-01-02T09:47:44.388418Z
9deccf23-6cac-4ceb-8003-8b8d0b3aa62e,hiking,NOR,2025-03-27T09:47:44.388425Z
51a84262-3aa2-44a4-8b48-e48d7d923b24,volunteering,NOR,2024-12-31T09:47:44.388430Z
d2b51a2b-d078-440d-8176-3f585904b05b,hiking,ZAF,2024-07-18T09:47:44.388436Z
2846c4a2-41c9-42c7-84e6-09edb1be4088,cricket,CAN,2024-08-02T09:47:44.388441Z
ace65c0a-ba3c-49d8-a11a-e18839873326,hiking,BRA,2024-11-06T09:47:44.388447Z
796ed983-e4e5-45f9-bcd3-6ac24fe56b83,hiking,BRA,2024-11-08T09:47:44.388453Z
090b7968-8fc6-44c9-b8a1-99920e7ec7ea,hiking,IND,2024-12-02T09:47:44.388459Z
39c8fa5a-6578-467d-ac31-8783d341a0de,swimming,AUS,2024-06-25T09:47:44.388466Z
0647069a-dbdb-4c2c-9bc0-3058e89a7785,swimming,NOR,2025-03-28T09:47:44.388472Z
53909274-62e0-40d7-80a9-cee472ec6c2e,rugby,NOR,2024-11-27T09:47:44.388477Z
4b3b44e4-c9d0-405b-bf0a-22f2ac8d0766,cricket,GBR,2024-09-30T09:47:44.388483Z
79bcbf10-516d-4e24-9d37-7c4c8caf0551,cycling,DEU,2024-12-15T09:47:44.388488Z
460da97c-0bd5-4270-a1ef-44c40dc01e9f,hiking,ZAF,2024-12-15T09:47:44.388494Z
ebbccffd-b7ac-4453-8a03-2cbc38c1e187,volunteering,NOR,2025-05-17T09:47:44.388499Z
4ce052ba-334b-4d13-8f7d-5e4d081bc554,swimming,FRA,2024-09-24T09:47:44.388505Z
b4ae3820-eeba-44ef-8681-66c76c4286b9,cricket,FRA,2025-04-18T09:47:44.388510Z
be423b55-69dc-4027-8e75-8bcf7033bb38,hiking,GBR,2024-07-03T09:47:44.388516Z
f8b688a3-414d-4889-857a-bf482e1f5717,swimming,GBR,2024-11-07T09:47:44.388522Z
7c038bc2-a69b-4e11-be69-ebab0fb5a4d0,volunteering,DEU,2025-01-24T09:47:44.388527Z
5c4e5aa1-7a6a-4f17-9854-9faa9df4d9f3,volunteering,USA,2024-09-30T09:47:44.388533Z
40018af3-80dc-4e4a-9aa3-27c5e271a0bd,football,CAN,2025-05-15T09:47:44.388539Z
c0032a3e-d003-4105-99e1-c6d6d27ad219,rugby,DEU,2024-08-30T09:47:44.388545Z
f9035ca6-b345-4daa-a5ca-d2c0e9231e60,football,DEU,2025-03-08T09:47:44.388551Z
83c4e8a9-7b19-4b0f-82da-b9a1b21407bf,cycling,GBR,2025-03-09T09:47:44.388556Z
eae9881e-f45b-45c7-8b1a-620840c55c98,basketball,BRA,2024-07-09T09:47:44.388562Z
7fdd7c1c-a1dd-4fd6-aca1-66a18f37d7bd,volunteering,NOR,2025-04-16T09:47:44.388568Z
69cb5f43-7b6c-448d-9275-235c02a946d9,football,USA,2024-07-05T09:47:44.388573Z
7e93cd2a-5031-491e-9ad1-931767609021,cycling,ZAF,2024-09-18T09:47:44.388579Z
77cb665f-f92c-46aa-bfca-3b4153f33381,swimming,BRA,2024-09-18T09:47:44.388584Z
2669facd-b94c-4259-a37b-f22d7014a783,hiking,ZAF,2024-10-01T09:47:44.388590Z
5d26a76a-c2c8-447c-bdb3-85ec82630d11,basketball,FRA,2025-01-06T09:47:44.388595Z
2f70447f-cd4e-4d06-be61-a1890bfaabb9,football,FRA,2024-08-24T09:47:44.388601Z
e05eb3f2-e418-468b-b33b-585e16dda992,cycling,AUS,2025-01-01T09:47:44.388607Z
21cec552-c693-4c15-8e26-5dbcd79f471b,basketball,IND,2024-08-27T09:47:44.388612Z
50b4311a-6f08-476e-a8b3-a9c04708d223,cycling,ZAF,2024-08-10T09:47:44.388618Z
edb5151b-525a-4246-83c1-c216b2df170c,football,AUS,2024-06-24T09:47:44.388624Z
10c86b47-86d2-4c73-9965-fb3cedd8a6de,football,BRA,2025-02-20T09:47:44.388629Z
04a37a1a-e3a0-4f22-9f1f-5f211c56da7b,hiking,FRA,2024-06-17T09:47:44.388635Z
224de24b-1629-46f5-80a1-687d946b1d19,football,DEU,2025-02-14T09:47:44.388640Z
8f1c6e85-e57c-43bf-bc05-59895234a867,basketball,GBR,2024-10-05T09:47:44.388646Z
263d3d46-42cf-4858-ad7a-5a3d0a409447,football,AUS,2025-01-08T09:47:44.388651Z
257bfadf-b74d-4466-8ef1-007b289dc652,swimming,USA,2025-03-28T09:47:44.388657Z
6c50f457-2963-4853-a56a-6565ffe0765b,hiking,DEU,2024-10-27T09:47:44.388662Z
5812ebea-aff8-4a65-9e9c-f2659c0bcfc4,hiking,USA,2024-10-20T09:47:44.388667Z
f7074589-8ce1-42e3-8fcb-98e2a1cdb378,hiking,USA,2025-04-14T09:47:44.388673Z
4d0d6985-9dd5-4262-873a-eea4c2ac7def,cricket,GBR,2024-12-13T09:47:44.388679Z
b48d613b-2fd2-46fc-933d-f1fe2b521ad2,volunteering,AUS,2025-04-19T09:47:44.388684Z
aa5410be-0049-4072-ab55-4adc016a7204,cycling,ZAF,2024-11-06T09:47:44.388689Z
fd7ad066-f99e-49a7-8e3f-cbaea711076e,volunteering,USA,2024-12-24T09:47:44.388695Z
9cc5d384-d7de-4558-a16a-1c2ac3f2a1ac,hiking,BRA,2024-08-29T09:47:44.388700Z
ab313e14-dd7a-461e-8034-49b56ee29653,cycling,DEU,2024-11-10T09:47:44.388706Z
2c9af0e0-9795-48ef-a3ba-42144f5c6c3a,hiking,USA,2024-06-25T09:47:44.388711Z
854b8f12-39af-4b80-a19b-b3043fceedeb,basketball,GBR,2025-03-06T09:47:44.388717Z
c92b3405-898a-48d5-9b77-994b17ef7754,hiking,USA,2025-01-13T09:47:44.388722Z
6dbf3c33-f426-4ea9-8546-279a232e3bf1,rugby,CAN,2025-01-25T09:47:44.388728Z
579b3ce6-230e-4df2-a0e3-7dd27f39e4ab,swimming,AUS,2024-08-18T09:47:44.388734Z
49e62483-88d4-4bac-b98d-f065e4d01f12,football,BRA,2025-02-25T09:47:44.388740Z
7dac8de0-60c9-4fa3-b386-22059c0c32ac,volunteering,NOR,2025-03-05T09:47:44.388746Z
4007c8f7-0e29-43b2-83d1-bdaf02a4cec4,swimming,FRA,2024-06-10T09:47:44.388752Z
f68dac24-b0e5-45cf-9dce-0708179a2481,cricket,USA,2025-01-08T09:47:44.388758Z
2f4553db-9c5f-463c-a60f-3127a25ccc1c,cycling,DEU,2025-02-16T09:47:44.388763Z
f5d6e13b-9dc5-4a8d-8288-9b50d9cd9f56,basketball,IND,2024-06-03T09:47:44.388769Z
2a20531e-e41c-4065-9b56-d5c2a2d14fd9,cricket,NOR,2024-08-30T09:47:44.388775Z
c4c29874-64b6-410e-89e0-c82482ae7607,football,FRA,2024-06-27T09:47:44.388781Z
56b87e90-bb8b-4d96-9ace-ad8b7ceb09dc,swimming,NOR,2024-08-20T09:47:44.388787Z
cde8d729-7a0d-479f-97f7-78316d2f0910,basketball,ZAF,2025-02-25T09:47:44.388793Z
1d8b7099-3005-4df1-b8c1-3839ae5d1787,hiking,BRA,2024-08-18T09:47:44.388799Z
8b5ef5b4-4381-4b09-8c22-f5356a6367fa,volunteering,GBR,2024-11-01T09:47:44.388805Z
7acf8cab-83c3-4de7-8fa4-3d2c453ab191,swimming,USA,2025-03-16T09:47:44.388810Z
440db7f8-1cb3-42d6-a7d9-d0701abaef23,cycling,USA,2025-03-01T09:47:44.388816Z
dd53e693-5e06-48fa-8dc0-2425f1160a6e,hiking,NOR,2025-04-13T09:47:44.388822Z
1df479de-e1b6-486f-b9bf-26f67207e0e5,volunteering,BRA,2025-03-12T09:47:44.388827Z
a5435df0-0234-403e-a439-5cd57cb70d65,swimming,CAN,2024-09-28T09:47:44.388834Z
6229d15c-0d0a-4dff-8ff0-8e310492f616,cycling,DEU,2025-03-04T09:47:44.388839Z
868a0661-548a-4007-acb8-695ba1626319,cycling,USA,2025-02-08T09:47:44.388844Z
9f535937-7216-478d-bd69-6961c7b8e716,cycling,FRA,2024-07-03T09:47:44.388850Z
f18263e3-0538-4bd7-9fb4-988230e8cf2c,volunteering,ZAF,2024-12-11T09:47:44.388855Z
430a3066-26a1-4003-8309-72a0af8ae6cc,swimming,FRA,2024-07-26T09:47:44.388861Z
99402fc6-1764-4103-bb76-61c05abb6d4d,hiking,BRA,2025-03-03T09:47:44.388866Z
0041a17b-28af-46bd-ad6d-6417ac0e830b,swimming,IND,2024-10-18T09:47:44.388872Z
818bbfe9-cc7a-4517-839e-9e93e213011f,swimming,AUS,2025-03-09T09:47:44.388878Z
10f44039-48fb-4cd1-98ee-fd06a973d2c9,swimming,USA,2024-12-01T09:47:44.388884Z
2520ece9-355f-4ade-81ef-660fe3db93ea,cricket,ZAF,2024-08-06T09:47:44.388889Z
1e36638b-b29a-4a6c-825e-77e7f4df4bde,basketball,GBR,2024-05-23T09:47:44.388895Z
233a3b0e-c03a-4c52-913e-3a463e03d40c,cycling,CAN,2024-08-31T09:47:44.388900Z
5af2db3a-3c4e-460d-be5c-a4d3ca0fd637,basketball,GBR,2024-11-13T09:47:44.388906Z
8b367a4c-e1c9-41f7-a25c-62361c754900,basketball,IND,2025-02-28T09:47:44.388912Z
503b3d52-85d5-43a3-ad12-d9bf6323518f,basketball,FRA,2024-10-11T09:47:44.388917Z
214fc9fb-285e-4b32-9232-48e849fd99c9,cycling,IND,2024-08-02T09:47:44.388923Z
849ab809-e017-474c-8ce9-3888ae3c6976,cricket,BRA,2024-10-12T09:47:44.388929Z
7276dc31-b215-4f53-b17d-8ecf835db5fc,swimming,FRA,2024-08-08T09:47:44.388934Z
72f34e65-1f53-454c-8b30-e5c8cc6cf94a,rugby,NOR,2025-01-09T09:47:44.388940Z
ba8e4856-f1cc-47f5-9c3e-a2189cbb3c50,football,USA,2024-05-31T09:47:44.388945Z
e2326220-2dca-466e-b6e4-15f25920d0b9,rugby,BRA,2024-11-11T09:47:44.388951Z
83eb7551-e31d-471c-9c51-fa8b68c2fee3,swimming,GBR,2025-03-27T09:47:44.388956Z
6a283d5d-f05a-4e75-a046-51604118f5ca,volunteering,DEU,2025-02-26T09:47:44.388962Z
acbc6f45-0012-46b7-bf94-76ce21674f11,cricket,CAN,2024-07-30T09:47:44.388967Z
6a024564-c80f-419d-a22e-44e853276d14,hiking,IND,2024-09-01T09:47:44.388973Z
d5cbf9a7-2abd-4cb2-9e18-1dfbfdfe9a41,cricket,IND,2024-07-01T09:47:44.388979Z
1859839e-dac4-452f-973c-0b5994be33c8,cricket,IND,2024-05-22T09:47:44.388985Z
3de63773-9990-4e6e-8e9c-72dacfe9c92a,rugby,FRA,2025-02-01T09:47:44.388990Z
da5a5754-0be4-458c-bc87-2155889e65fb,rugby,AUS,2024-10-07T09:47:44.388996Z
23b83e98-22c9-4eaa-b2be-47f821da8757,basketball,AUS,2024-12-29T09:47:44.389002Z
ec89c2e4-9578-4ba3-b1b5-cf0ec757bc72,football,IND,2025-03-28T09:47:44.389007Z
3582e904-47cb-49b7-acc6-bad5d15b9e09,volunteering,CAN,2025-01-01T09:47:44.389013Z
f91c93ed-35da-4df8-a5dd-fd9fdfb34cea,hiking,DEU,2024-06-25T09:47:44.389018Z
f0e3a661-e380-41c7-a181-78d503c02a38,cricket,FRA,2025-02-04T09:47:44.389024Z
23283042-76b0-46f7-9a77-142819abefeb,football,USA,2024-10-21T09:47:44.389030Z
75b53840-d046-494d-a926-bd1d211b8396,cycling,ZAF,2024-07-25T09:47:44.389036Z
353c4888-a0d4-4adb-9b8b-c976e1196fa0,football,AUS,2024-08-17T09:47:44.389042Z
9d9562aa-1540-4d60-9541-b4fa1ee72d3a,swimming,AUS,2025-05-21T09:47:44.389047Z
9fbed8ea-744a-494a-acae-225a1174fdf3,swimming,NOR,2025-04-15T09:47:44.389053Z
1cc53a0a-3473-495e-883c-cf91c3678f03,swimming,GBR,2024-07-21T09:47:44.389058Z
a41e116e-7ec4-43ce-bfb4-911326392f1a,swimming,AUS,2024-10-14T09:47:44.389064Z
bf922406-ba84-4242-b82d-900067b870e0,cycling,NOR,2024-12-09T09:47:44.389069Z
a2553fac-658a-4580-a792-815946cceda6,cycling,NOR,2024-12-27T09:47:44.389075Z
53c549ba-9564-4ffd-94e9-624530ecd3b8,cycling,CAN,2025-03-18T09:47:44.389081Z
e1ff648d-0ed6-49fe-bfd1-d82a2e1f2070,rugby,AUS,2025-05-12T09:47:44.389086Z
ca9b644e-30af-4538-ad02-7c3e02782cbe,volunteering,DEU,2024-11-28T09:47:44.389091Z
d0e13e97-6b14-4441-9d98-111422ef5a93,rugby,DEU,2024-12-04T09:47:44.389096Z
29f71db3-cd35-4824-bf26-49a32e0fe85e,hiking,GBR,2025-01-08T09:47:44.389102Z
352df02b-62e6-4e71-9be1-f5237f4e9fea,swimming,DEU,2025-04-21T09:47:44.389108Z
25fb578a-b8fe-46dc-a928-dad143f69b7d,volunteering,IND,2024-12-28T09:47:44.389114Z
68f7861d-6be0-43a0-880a-78b4e67eb6cb,hiking,CAN,2024-11-12T09:47:44.389120Z
6a01be38-bdd1-49fd-b729-f0e5057ceec8,swimming,DEU,2025-02-11T09:47:44.389125Z
cad05f28-4172-4fe1-a3ff-ca38e0b2bcf1,football,CAN,2024-09-18T09:47:44.389132Z
8254b19d-6d5d-4626-b11f-17ea47c5ce70,cricket,NOR,2024-08-14T09:47:44.389138Z
3e786bc3-3bc3-4738-a506-d8086c26d2a7,cricket,NOR,2024-06-26T09:47:44.389144Z
4e2dc0e5-748f-4b2b-b823-14a0468fd38f,football,CAN,2025-02-03T09:47:44.389151Z
3747e352-6509-406e-95ad-3c60da2ca4e4,football,USA,2024-10-09T09:47:44.389158Z
a0a14b5d-08b4-4ac4-b543-8026222e5990,basketball,BRA,2025-01-13T09:47:44.389164Z
2b9064e3-aab5-4312-aaea-40feab93cc79,swimming,USA,2025-05-19T09:47:44.389170Z
f91c5403-5ce8-43fa-bca0-1e2450d846ea,volunteering,GBR,2024-06-21T09:47:44.389177Z
acfdc424-bf6d-4046-868e-e000850e18f5,cricket,NOR,2024-08-03T09:47:44.389183Z
27ee34ff-1c64-4569-8f1c-e8a018298aff,volunteering,BRA,2024-11-25T09:47:44.389190Z
20d0a4da-e510-4eba-ae1a-a732136bda86,volunteering,ZAF,2025-02-28T09:47:44.389197Z
2f5f3907-7464-4701-ad21-920a189afb76,cricket,IND,2024-11-04T09:47:44.389203Z
ee35788c-e431-4541-bcdd-46a472d38b25,volunteering,USA,2024-07-02T09:47:44.389209Z
5ce5be2f-286c-48f2-a71a-5ba3dcc65f58,cycling,CAN,2024-08-09T09:47:44.389216Z
10361e83-ede2-4826-94d6-2cd56f233887,cycling,USA,2024-06-19T09:47:44.389222Z
aac535bf-396c-4310-817a-083db51c1c3c,hiking,DEU,2024-06-29T09:47:44.389230Z
697b165f-83ec-4d51-a5a7-d01d10868e26,basketball,USA,2024-05-25T09:47:44.389236Z
9657ac4f-45ef-4acb-991b-e2c08e47d76d,cricket,GBR,2024-11-22T09:47:44.389243Z
e944868e-4388-4b29-96d4-3a85c2807616,football,ZAF,2025-03-07T09:47:44.389249Z
ad83881e-7d3f-4b8d-86e5-e9c373a3c71b,cycling,ZAF,2025-01-20T09:47:44.389256Z
d4ec17d2-e793-4cda-a4bd-69430e713acb,football,NOR,2025-02-03T09:47:44.389262Z
239072ef-cd21-4734-95b6-b3d479093212,rugby,ZAF,2024-11-22T09:47:44.389268Z
4d604641-bf26-456e-9d5f-22d5cd912b5a,hiking,NOR,2024-12-21T09:47:44.389274Z
f264f038-6116-4773-b2bc-768dbe5cdbd5,football,AUS,2024-06-28T09:47:44.389281Z
b507f437-dd01-4051-81ef-999b0b23dd23,basketball,FRA,2024-08-22T09:47:44.389287Z
2a5c4947-74d0-4886-b961-4c83c2ffd378,cycling,GBR,2025-01-19T09:47:44.389293Z
3b555223-d2b8-462e-991a-d184729691e1,rugby,IND,2024-09-13T09:47:44.389300Z
eeeb6bfb-a6c5-4494-abea-7da54b76e941,cycling,CAN,2025-05-20T09:47:44.389306Z
8725fdb4-8003-4736-a25a-09135d039aa9,football,AUS,2024-10-20T09:47:44.389317Z
3f974143-e26f-4a6a-858b-a005aff23a7d,football,USA,2025-02-03T09:47:44.389324Z
330cc08e-60f2-4885-91fb-7a1b38afce86,volunteering,DEU,2024-12-01T09:47:44.389330Z
459696c9-2a44-4be8-882d-a3fd13bfb7c2,rugby,FRA,2025-05-13T09:47:44.389336Z
3862784b-dd1c-4cd6-8dba-c6c13fa70b19,volunteering,CAN,2025-05-17T09:47:44.389343Z
b6007e2f-cb34-4ee8-ad97-0c27e276671b,volunteering,AUS,2024-10-09T09:47:44.389349Z
3366775c-098c-4177-b1c1-d9a2d44f2ce9,cricket,ZAF,2024-12-19T09:47:44.389356Z
f10bd1cd-a2b6-47e1-a3e4-2cd963253fa5,rugby,CAN,2024-10-24T09:47:44.389362Z
ee74ebb0-6938-451f-970d-dc6a3fc8ccc1,swimming,NOR,2024-11-19T09:47:44.389368Z
9a4d9859-dcdb-4ad9-8b7a-0d8986726f4c,volunteering,CAN,2024-08-06T09:47:44.389375Z
aae9564f-17e7-46d9-8409-3b79955cb0a3,football,USA,2025-03-16T09:47:44.389381Z
21dc7c66-3406-4ebe-a382-4eca7b946b58,cricket,IND,2024-07-01T09:47:44.389387Z
b3130d38-7175-40f2-8c8c-10f337270c07,volunteering,FRA,2024-12-10T09:47:44.389394Z
f0d4071d-1d51-41d7-bd85-296db67216af,volunteering,FRA,2025-05-20T09:47:44.389400Z
7e2c4e2c-57f4-4cdb-a26c-2c734828b131,swimming,BRA,2025-05-03T09:47:44.389406Z
13f773b2-ef3a-42a2-8d4f-63e1bdc1a04e,cycling,NOR,2025-03-25T09:47:44.389412Z
ed4abc5d-3a4f-4551-890c-84a89e37eafc,volunteering,AUS,2024-10-19T09:47:44.389419Z
127ef67d-7a5a-4be3-ae68-e0e64c2950e4,rugby,BRA,2024-08-27T09:47:44.389425Z
238ab3e8-528f-44d7-8e0f-f8ab74309eb9,cycling,BRA,2025-01-11T09:47:44.389430Z
57579e96-bfaa-4b01-a970-b85002f3cf6e,rugby,AUS,2025-01-28T09:47:44.389436Z
4ae1240e-4e85-45c9-a769-59c5255c89c2,swimming,IND,2024-11-16T09:47:44.389441Z
68b268a3-4a9d-417c-968f-62eb88d76036,hiking,ZAF,2024-12-23T09:47:44.389447Z
c2b1f1c7-3515-4ff5-9b68-a0eabc4ab805,cricket,BRA,2024-06-10T09:47:44.389453Z
e0d85b51-9ca6-4068-a99d-77fb03263823,swimming,NOR,2025-02-04T09:47:44.389460Z
6a7c3394-b998-412c-9b82-708a1d7506d9,swimming,AUS,2024-12-13T09:47:44.389467Z
f7a77945-6f31-427c-adad-4a68404b3998,football,DEU,2024-10-23T09:47:44.389473Z
c9811fe0-a0e4-48a5-810f-2cc3684ef2d3,hiking,DEU,2024-09-29T09:47:44.389479Z
9fc7339b-4566-47b2-bd2d-ec014a25ab70,football,GBR,2025-03-12T09:47:44.389487Z
c1e66aec-32f4-4fb9-ad4e-708140da9bf1,cricket,CAN,2024-10-14T09:47:44.389492Z
1710ebdc-cdf6-4f3b-9f48-1ee7942208d1,rugby,DEU,2025-01-28T09:47:44.389498Z
4c615ac6-fb6c-45a7-a5f8-cf9b368ebbab,cycling,GBR,2025-04-23T09:47:44.389505Z
f2de0671-dbbf-4ef9-8739-8a9182033395,swimming,ZAF,2025-04-10T09:47:44.389511Z
34e190f5-de1e-4088-90a8-d3a2a3d8bce2,football,BRA,2025-01-20T09:47:44.389518Z
47473b5f-c077-40d2-a3b3-0287e0e324e5,hiking,AUS,2025-01-20T09:47:44.389525Z
9226cf2e-4c40-49e9-960c-487f4219cefa,basketball,DEU,2024-10-11T09:47:44.389531Z
9755e98f-d14c-4695-8ed2-67962e201e2b,cycling,FRA,2025-02-02T09:47:44.389537Z
f5389443-8278-4aa7-856a-83eee868960c,rugby,BRA,2025-03-19T09:47:44.389543Z
614b8fc2-5776-49f2-bce3-70aaac69c781,cycling,FRA,2025-05-09T09:47:44.389549Z
1a8969b9-fe70-4ee5-8810-dbbae903b46d,volunteering,BRA,2024-12-20T09:47:44.389556Z
9c4d8e0f-7c7d-4cdf-9e26-07b590dbccea,cycling,IND,2024-10-29T09:47:44.389562Z
fb24288a-2d2f-401d-ab07-7ca87c0d7969,hiking,BRA,2025-05-08T09:47:44.389568Z
671aec80-9ee0-42c6-8868-2a56e6738842,football,NOR,2024-09-08T09:47:44.389574Z
0c52abe6-9deb-4301-b33f-404177e6aaaa,volunteering,NOR,2024-08-20T09:47:44.389581Z
b39680ac-07ed-485f-8019-90781f4de591,hiking,IND,2025-01-25T09:47:44.389587Z
4cf7dc1f-fb34-4934-bc14-ea471791d43f,football,USA,2025-04-18T09:47:44.389594Z
57559370-135d-4b67-9c2d-02dab5b94ec1,hiking,BRA,2024-06-18T09:47:44.389600Z
bd270b6b-3a32-4e44-a3a8-8f7462c56e82,volunteering,GBR,2025-01-12T09:47:44.389607Z
7bb0a415-6c57-4527-a37e-fde8d697398c,swimming,FRA,2024-07-01T09:47:44.389613Z
4ba55685-d4ab-4554-9859-255dd6e78493,hiking,DEU,2024-10-14T09:47:44.389620Z
ccff892c-6d02-4757-806f-98dbfee1e192,rugby,ZAF,2024-06-18T09:47:44.389626Z
239629d4-391d-4082-bceb-baacffd3e895,football,GBR,2024-08-12T09:47:44.389632Z
7d793814-f5a3-469e-90af-045c1f782305,volunteering,NOR,2025-04-28T09:47:44.389643Z
eec12b1d-e458-454f-887f-93952b96b224,hiking,DEU,2024-10-02T09:47:44.389650Z
4b7f3c8d-c13a-4825-88df-1f566308b8af,cycling,ZAF,2025-04-14T09:47:44.389656Z
3c890188-f636-4239-a2b8-2e87b89c21a5,basketball,ZAF,2025-02-25T09:47:44.389663Z
869b601d-dddd-4edf-ad27-8eb341d3a06f,swimming,IND,2025-04-24T09:47:44.389669Z
102fa1c0-3d76-4316-8447-e5cdb822da7d,cycling,BRA,2024-11-28T09:47:44.389676Z
e0c21a85-35b7-4dfd-8712-738baac5ecda,rugby,NOR,2025-01-02T09:47:44.389682Z
78d9ad75-6455-4645-91cb-c63e8b3e10d2,cricket,DEU,2025-05-12T09:47:44.389688Z
5d7a4eaa-199a-4c6b-b2dc-6ebd0174aa63,volunteering,ZAF,2025-04-01T09:47:44.389695Z
b201ec69-0379-4468-94f2-c5fce4a100eb,swimming,FRA,2025-04-20T09:47:44.389701Z
53daa27f-4ec2-4352-971b-d1d024823af9,hiking,GBR,2025-04-17T09:47:44.389707Z
70b04350-fa33-4cd5-beeb-c0eee559d1b6,volunteering,AUS,2024-12-02T09:47:44.389713Z
ab8071b6-255b-4eda-8952-b83a4d6db7e8,volunteering,BRA,2025-03-04T09:47:44.389719Z
0617d9cd-9bbe-4d83-888b-a92423ed155b,volunteering,AUS,2025-02-05T09:47:44.389725Z
906ad0ee-323d-4028-be5a-508b62fde880,hiking,IND,2024-12-13T09:47:44.389732Z
e8ffc643-97b3-4ca8-9595-be059cb9fc43,rugby,BRA,2024-08-29T09:47:44.389738Z
fd3e9d5b-2b73-4d81-b6ff-13c3d6e84dd1,football,IND,2025-04-22T09:47:44.389745Z
7f2b5125-1913-45e2-8692-d8f7a9baec56,rugby,AUS,2024-09-14T09:47:44.389751Z
dd256268-af08-4c42-8860-ecc0179f303c,hiking,IND,2024-10-04T09:47:44.389758Z
a0e347ea-c71f-496c-8b07-0235d3110a2c,cycling,BRA,2024-06-03T09:47:44.389764Z
23e0eb57-7373-4c9c-b42f-0e7a6a0233f9,hiking,GBR,2025-01-21T09:47:44.389771Z
4bfeefc0-0ca5-4ffa-8aa0-f8de5e0a8337,swimming,AUS,2024-09-03T09:47:44.389777Z
be654bf2-6269-42b2-9a01-72b2f2863901,cycling,AUS,2024-07-16T09:47:44.389783Z
4b10fe86-7adb-436b-9364-3da35b858ce6,rugby,CAN,2025-04-05T09:47:44.389790Z
654ce2f3-76ba-4fa5-b46d-b523f9ce189f,basketball,FRA,2024-05-23T09:47:44.389796Z
d35037de-d191-4456-aab2-5ee7b25e0791,cricket,FRA,2024-11-25T09:47:44.389802Z
6e091ae4-f008-4cde-b87f-d8e2de848dee,hiking,GBR,2024-07-17T09:47:44.389807Z
e34304c4-52ae-4e9a-b02d-f2ca9d779425,cycling,BRA,2025-04-09T09:47:44.389813Z
f4dc1f16-c59f-4dfe-8563-6c6f0f846ea6,cricket,ZAF,2024-07-04T09:47:44.389819Z
5c581f42-de15-435b-9c8a-e7d1a2e35ddf,cycling,NOR,2024-05-25T09:47:44.389825Z
14b38cb9-26dd-4f43-bd1c-42a7b274d488,basketball,AUS,2024-05-24T09:47:44.389831Z
dcd63c9c-044a-41ef-bceb-de3465137b96,football,FRA,2024-08-20T09:47:44.389837Z
e2ace79d-bb06-4418-aabe-2f47dc52c2ef,football,ZAF,2024-05-27T09:47:44.389842Z
ae01813a-eb17-4f6c-b9fd-ccbb47d1a68e,basketball,AUS,2025-02-04T09:47:44.389848Z
18e8dcaf-d873-40f9-a25f-6a5f72449107,volunteering,GBR,2024-09-04T09:47:44.389853Z
9912a1f4-d3a8-4cfe-aadd-dda94a617d36,cycling,FRA,2024-06-23T09:47:44.389859Z
96edadde-84e8-4e7f-8b43-b646602e19f8,volunteering,DEU,2024-09-23T09:47:44.389865Z
8ba7fce9-097a-4a1d-a377-d8abb15cad8b,swimming,DEU,2025-05-17T09:47:44.389871Z
797b60d7-b8ce-4d72-b8dd-698e3e7d4449,cycling,BRA,2024-07-24T09:47:44.389877Z
94ed9e9d-6964-419c-9e98-b04ff0798208,swimming,BRA,2025-03-13T09:47:44.389883Z
86ecb58f-e19d-48c7-b325-3a999a66c281,football,AUS,2024-10-23T09:47:44.389890Z
463be941-7643-4b7d-9354-a929a7f899bb,cycling,USA,2024-08-27T09:47:44.389896Z
d4376bff-1f75-4894-82a1-411dd36527b2,basketball,AUS,2024-12-26T09:47:44.389902Z
8b4dab29-3a7a-40ac-95cf-0e3767989133,volunteering,AUS,2024-09-05T09:47:44.389909Z
868a8818-2ed9-45f7-a9f5-6fec8dcd477a,cycling,BRA,2024-10-07T09:47:44.389915Z
1c57927e-42c4-4a4b-b285-6c1978ec68bf,basketball,NOR,2024-10-28T09:47:44.389921Z
d222a2d4-d580-4d75-9d83-ccddaeae7ac7,swimming,CAN,2024-05-26T09:47:44.389928Z
5fdb492e-149d-49e2-b030-4e146f0c6a05,rugby,IND,2024-09-01T09:47:44.389934Z
2d92a40e-e58a-4db5-b0d2-96424c4fdaaa,swimming,FRA,2024-10-29T09:47:44.389940Z
6f066a1d-5656-426a-aeff-d0e1eeae15bd,football,USA,2024-12-16T09:47:44.389946Z
b19bc42e-e96f-4df0-b519-b4cc8fd60634,cricket,FRA,2024-09-11T09:47:44.389952Z
8168545c-a777-4f84-88a3-c37b085e6122,rugby,USA,2024-10-26T09:47:44.389961Z
182d965d-92ab-4a6a-bfaf-36c7faa52154,cycling,DEU,2024-08-13T09:47:44.389967Z
4fb60f32-2714-4798-87aa-68c1b3673533,basketball,DEU,2025-04-23T09:47:44.389974Z
faae522b-fa8c-4a32-8a50-0c742630f3ae,volunteering,ZAF,2024-11-18T09:47:44.389980Z
00b36071-7f4f-4267-9a98-b0f38dfbae47,hiking,NOR,2024-12-22T09:47:44.389986Z
80e62019-53b0-47a4-92d2-0ba88f421d24,basketball,CAN,2024-11-26T09:47:44.389993Z
2c4a9a27-3cbb-416d-b268-fe1e6a194ac3,hiking,FRA,2025-04-27T09:47:44.389999Z
090bffde-3448-4e17-8b8e-72aa4cc9fd58,cricket,CAN,2024-08-03T09:47:44.390005Z
102d158d-68f6-47bb-8913-ff3aeed0401d,football,NOR,2024-07-12T09:47:44.390011Z
e27f6675-afb3-488f-8ad1-c8c37031dce3,swimming,CAN,2025-05-18T09:47:44.390017Z
eaef414f-a1cc-4b8c-9c27-70fce036580d,cycling,USA,2024-05-28T09:47:44.390023Z
d773bf22-5c1a-41f0-a9a2-bc03afa7a6a7,volunteering,IND,2025-01-12T09:47:44.390030Z
c6fc7252-9b58-4262-b4a1-6094a398777f,cricket,CAN,2025-01-27T09:47:44.390036Z
409c27d7-b8b5-4f7a-aaec-d562a13d58a0,hiking,GBR,2024-10-15T09:47:44.390042Z
086b8ae4-8ab5-4a04-bea6-4bdcd932906e,basketball,NOR,2024-06-04T09:47:44.390049Z
5639154f-0fc9-4e90-bac2-d7ecc31b8b88,football,DEU,2025-01-15T09:47:44.390055Z
0c9b3d15-4bfd-4891-81d4-38c32b403d92,cycling,IND,2024-12-05T09:47:44.390062Z
3ac4d8ec-ee6e-40e4-9f14-a7de1a1dcf86,hiking,DEU,2024-05-25T09:47:44.390069Z
cda23677-0c93-413e-acac-3f296e0f39f2,cricket,AUS,2025-03-02T09:47:44.390076Z
5adcb25b-2da3-452e-8f1a-539d8b88fe9a,volunteering,GBR,2024-11-20T09:47:44.390082Z
2b1a7bfc-a66b-4919-8c4f-d086ca7d38fe,volunteering,CAN,2025-02-12T09:47:44.390088Z
30cfaf2d-a3cc-406b-85fe-123ddeb9415a,hiking,NOR,2024-05-28T09:47:44.390095Z
cea1b87d-a0bc-4978-b4e4-98b7756c90c8,swimming,NOR,2025-02-07T09:47:44.390101Z
07108aff-d821-48b9-a749-ad7bb2b2ffbe,hiking,GBR,2024-11-09T09:47:44.390107Z
d419f783-61f2-4855-9e1f-2f3a78e288ba,football,IND,2024-08-16T09:47:44.390113Z
e9a3e859-8c8a-4f09-8540-516e273e98ba,basketball,GBR,2024-10-09T09:47:44.390119Z
9048c2d5-25da-4c25-87b5-8ae7c1394edb,football,NOR,2024-08-29T09:47:44.390126Z
9cb3a968-f56f-456a-b95c-5b799e95dffb,cycling,USA,2024-08-26T09:47:44.390132Z
ef8cbe26-1699-4a5e-8258-c1de43ae12f0,cricket,NOR,2025-03-09T09:47:44.390139Z
e7809359-32ef-4b89-b5ba-bb4be148b524,basketball,AUS,2024-05-23T09:47:44.390145Z
668e7e7d-f0b5-406b-907f-5ebeaa6eff3c,swimming,FRA,2024-05-30T09:47:44.390151Z
9cc3af36-13c8-4d9f-911c-1309f9ae6f26,cycling,ZAF,2024-08-12T09:47:44.390158Z
3def2f34-433b-4863-a3ea-70c7b858058c,cricket,DEU,2025-03-07T09:47:44.390164Z
96cbf395-d5d3-4394-89ec-efc2f1106dd2,hiking,GBR,2024-08-21T09:47:44.390170Z
a7d1317c-11d2-47ad-8c32-d75402484564,rugby,BRA,2025-01-19T09:47:44.390176Z
664e37c2-7e63-4076-a5b1-c962eb2f8ad4,cycling,GBR,2024-07-06T09:47:44.390183Z
042d7e34-e756-4b5e-8877-238153cac816,rugby,ZAF,2024-11-16T09:47:44.390189Z
f81517b8-9eaf-47c9-baed-1d045099c3e3,basketball,DEU,2024-08-31T09:47:44.390195Z
27b91b06-0759-45bc-8b9b-7c5c5b196080,volunteering,CAN,2024-09-05T09:47:44.390201Z
6ad09fba-8222-4ef2-a2ed-1137ddea233e,football,CAN,2025-05-11T09:47:44.390208Z
b67a76ca-7fb6-4d48-afb5-750898a2dfdc,volunteering,BRA,2024-11-06T09:47:44.390214Z
e91e353b-155e-452f-b71c-5f120ce0064b,basketball,AUS,2025-05-19T09:47:44.390220Z
cbe7dd07-ee12-4baf-b977-55ce0f207d1a,cricket,FRA,2024-06-11T09:47:44.390226Z
549d230c-70ba-44d9-95ac-40e73c4a667d,volunteering,AUS,2024-11-15T09:47:44.390233Z
f3f2dba0-bb51-45bc-aa46-6509ff0242b9,basketball,NOR,2024-10-20T09:47:44.390239Z
c30f136a-2234-4f05-8d8f-fb5ba0d9b675,hiking,BRA,2024-05-29T09:47:44.390245Z
85cc9f1e-fc99-40b3-bb55-5186d8e2eb0b,football,ZAF,2024-07-16T09:47:44.390251Z
e41ef0c5-9d7d-4995-b459-406466674634,hiking,IND,2025-02-09T09:47:44.390257Z
2a95deca-8c5d-4a5c-92a6-6b08654007f6,hiking,FRA,2025-03-02T09:47:44.390263Z
c79124f6-dbab-477e-bc3f-23f96523ae42,basketball,FRA,2025-03-22T09:47:44.390269Z
4a406968-b709-46b8-82e8-480027476eff,hiking,FRA,2025-02-24T09:47:44.390276Z
10206859-ee03-4bb0-9959-775b6a1a030c,rugby,NOR,2024-09-22T09:47:44.390283Z
f138a2c3-84e7-4ca9-af75-9b435b1b18f0,basketball,BRA,2025-02-14T09:47:44.390296Z
68a9f7f7-d2b3-4097-b886-389a66bac911,cricket,GBR,2024-07-08T09:47:44.390303Z
49fe0754-59e8-4cc2-a249-2aff6c65787d,football,IND,2024-10-29T09:47:44.390309Z
fe3c36c2-d0c9-429f-97cf-78da6ee19573,cricket,IND,2024-09-14T09:47:44.390316Z
bb9793d2-e58b-46e6-a1a0-ba19172796af,hiking,DEU,2025-02-25T09:47:44.390322Z
23be14d4-5797-4c70-bc38-96c209c65ae6,swimming,AUS,2024-10-05T09:47:44.390328Z
078a01bc-c939-47f8-bad6-704302e53f88,swimming,CAN,2024-09-03T09:47:44.390334Z
0d80b27a-d2b8-42aa-8c59-bef966fc3462,football,CAN,2025-02-26T09:47:44.390341Z
ae0a3c53-3837-42fd-8cc8-4dcd3d03a865,basketball,CAN,2025-03-03T09:47:44.390347Z
fac039ec-5413-4c3f-bea1-a05e1e90d854,swimming,BRA,2025-02-17T09:47:44.390354Z
df7187a2-ee9b-4f3b-88fe-28a427e8b8d1,football,IND,2024-12-29T09:47:44.390360Z
bb94149d-af07-4587-a1f4-544dda2d2759,volunteering,ZAF,2025-03-18T09:47:44.390367Z
87b7f1e8-33b5-460c-aca1-4e05fdb758af,rugby,NOR,2025-03-19T09:47:44.390373Z
e3cb4628-f1d4-4bd5-9673-08c826ae8340,rugby,IND,2025-02-02T09:47:44.390380Z
2cbe0afb-a1a5-4498-8416-a13fcc5fdcde,cricket,FRA,2024-12-13T09:47:44.390386Z
0a4e70b3-96ff-4080-8f28-a8b4729c50da,football,USA,2025-01-21T09:47:44.390392Z
75e84179-8576-4fe7-aad1-e4d67a43abca,hiking,DEU,2024-05-28T09:47:44.390398Z
57171f20-9e6b-4a72-b9d5-cc6d5672b499,swimming,FRA,2025-05-02T09:47:44.390405Z
658943f8-880c-4456-b689-e9711247184a,football,NOR,2024-11-05T09:47:44.390411Z
c0160c34-adca-451b-b79e-5c63cafc46c9,cricket,IND,2024-11-24T09:47:44.390416Z
7fe7c275-32b2-4700-aa55-606d37fb522a,cricket,BRA,2024-12-13T09:47:44.390423Z
a25ccf91-1f7b-4c93-9c94-766aafe8a5d8,basketball,GBR,2025-04-13T09:47:44.390436Z
0f6b8a2e-7612-48b2-abea-4bc498f9fd32,rugby,AUS,2024-08-25T09:47:44.390442Z
fd646aeb-bb2c-4cb9-9921-b333b434671c,hiking,USA,2025-04-29T09:47:44.390449Z
5407c931-0960-4eb3-936d-1e4eb6af3b21,cycling,BRA,2025-01-16T09:47:44.390455Z
bcf8ea78-5249-4615-ab2b-df39ed4b2e63,basketball,IND,2024-11-11T09:47:44.390461Z
3aaa25a6-027e-4b15-a14c-76749418e814,rugby,BRA,2024-10-19T09:47:44.390468Z
813a344e-c0c9-4b03-9181-3241a0dd97b1,cricket,ZAF,2025-01-12T09:47:44.390486Z
d2ca22a3-a742-40aa-937c-6fcab4d87c8e,swimming,CAN,2024-07-30T09:47:44.390493Z
cc873736-43b6-4519-bf6c-5adf15487e55,cricket,CAN,2024-09-07T09:47:44.390499Z
ecbd40dd-1599-4084-968f-f60226b9962c,cycling,IND,2024-07-08T09:47:44.390506Z
ff034504-b37d-46d6-9fa5-08b5932096a5,hiking,DEU,2024-10-26T09:47:44.390512Z
0248f3b6-2a8d-46a5-8408-75fde876b712,basketball,BRA,2024-09-08T09:47:44.390519Z
5430217a-2a78-478a-867e-6d9e4e286da8,cycling,USA,2025-01-08T09:47:44.390525Z
03d10a32-b1a1-4471-97df-33730a2e275e,cycling,IND,2025-03-09T09:47:44.390531Z
f2659b74-6d3c-4d96-ade8-0bee6bc32e6f,volunteering,AUS,2024-09-06T09:47:44.390537Z
85fa3673-6fc8-4573-b1b2-2641ebb50df8,swimming,GBR,2024-06-26T09:47:44.390543Z
95f4e2f4-d0ea-479e-b0d5-823dcd61ea85,rugby,BRA,2025-03-18T09:47:44.390550Z
8858fdd5-5339-4c7c-b50f-211122ad2226,cycling,AUS,2024-09-19T09:47:44.390556Z
e07ebfe8-d8f9-4315-9715-276e52e79fb1,cricket,ZAF,2025-05-03T09:47:44.390561Z
78671256-c6cd-4e84-bbf7-1558cbf90b46,hiking,NOR,2025-04-13T09:47:44.390567Z
9d7590a9-a69d-448a-ad59-57ba1f265eca,cycling,FRA,2024-10-19T09:47:44.390573Z
e93ce81b-7e47-4f52-a573-97fdbe8083bc,rugby,AUS,2024-11-05T09:47:44.390578Z
62871b75-286f-459a-945d-f8856718e89f,basketball,FRA,2024-09-29T09:47:44.390584Z
40eb31d5-0e59-4e11-905d-14793c27efb7,volunteering,DEU,2024-12-28T09:47:44.390590Z
729cb222-9d92-4e81-8688-adc74fa6ac4e,cycling,DEU,2025-03-12T09:47:44.390595Z
2806196b-da62-4b33-9e8b-0e559fefa91b,football,FRA,2025-02-14T09:47:44.390601Z
437d207a-07a9-4dae-a5d7-077e35487ce4,cricket,GBR,2025-03-01T09:47:44.390608Z
0853bac0-d569-4a70-9ca6-4e0acbd1fcdc,hiking,IND,2025-02-06T09:47:44.390614Z
305a2467-4d0e-48b9-aee5-434f4ffd83c4,football,FRA,2025-03-30T09:47:44.390620Z
42c500ed-38df-454f-bb5a-e80f0a084fc0,cycling,FRA,2024-11-17T09:47:44.390626Z
e04a8231-1003-46fd-b3a9-d302eb7a96d9,cricket,NOR,2024-08-17T09:47:44.390638Z
bb22a319-ec20-40f2-adf2-a5540a11b7a4,volunteering,DEU,2025-04-07T09:47:44.390645Z
2c2db29c-c221-428a-99c4-4193fe87ff9b,cycling,DEU,2025-01-12T09:47:44.390651Z
c34ba85a-ef3e-4837-adc7-45a4c5d5dc42,hiking,USA,2024-06-12T09:47:44.390657Z
e78af661-b10b-428c-8954-5cc0ab5a6daa,hiking,CAN,2025-05-18T09:47:44.390663Z
e3136231-c878-480a-bc62-6746dcc88610,cricket,GBR,2024-09-01T09:47:44.390670Z
132e7c9a-8ef9-4787-90d4-a14fc906d36c,football,FRA,2025-03-18T09:47:44.390676Z
972d7f0b-0b86-4584-a74b-58a2b649162b,cricket,AUS,2024-06-06T09:47:44.390682Z
fadc2c2f-6f13-4249-811a-cdc1ac0eeb9c,basketball,NOR,2024-11-27T09:47:44.390689Z
ab3f1b67-2785-41f4-ace4-507dd0e3a76b,volunteering,CAN,2024-12-13T09:47:44.390695Z
72f1d370-6a7e-4fd4-9d1a-5a991ecede78,cricket,DEU,2024-09-14T09:47:44.390701Z
f7e010d0-c07a-4778-9963-334abcb4514e,football,NOR,2024-12-14T09:47:44.390707Z
8c96ecee-a638-4f83-b446-e8c56e729f03,cycling,BRA,2024-07-15T09:47:44.390713Z
6e7de4d3-6cca-4fb7-92e4-b67249182cca,swimming,AUS,2025-03-20T09:47:44.390719Z
8de87cc1-f4c1-469c-b958-958bbfd88012,rugby,CAN,2024-08-20T09:47:44.390726Z
4902fbf4-333d-4b8d-ba85-b676d21e43e9,cycling,IND,2024-08-31T09:47:44.390732Z
3b327412-382e-4925-ab2a-2badd40142a8,basketball,ZAF,2025-02-18T09:47:44.390739Z
bc13052e-c99b-4f05-8429-eb04f3403909,rugby,DEU,2024-08-13T09:47:44.390745Z
7c8a2bd1-1251-42a9-b1dc-76bccd06fde4,hiking,AUS,2024-09-20T09:47:44.390751Z
ffa5574f-8d4e-4ac2-b7c4-9c92702030ef,hiking,ZAF,2025-01-28T09:47:44.390757Z
d6512ada-8482-4ddc-baac-bc4c90ffe179,basketball,NOR,2024-09-14T09:47:44.390764Z
8717b8c2-ed48-41cd-b40f-0d1940ce4ec9,hiking,ZAF,2025-01-29T09:47:44.390771Z
ed4313bd-d25a-4bdd-a3e7-1e81c0499188,hiking,ZAF,2025-01-05T09:47:44.390777Z
1721d797-78c1-4ebf-9644-5a8438b36b07,cricket,ZAF,2025-03-07T09:47:44.390784Z
eab21833-2717-4189-bc0e-b0bdf2e9cc43,rugby,BRA,2025-05-12T09:47:44.390791Z
8b7ac659-50c0-44d0-882d-3c3a147d948d,rugby,GBR,2024-08-12T09:47:44.390797Z
6b783808-f008-4ff1-af1c-9fb445c02768,cricket,IND,2024-10-08T09:47:44.390807Z
90e70840-bcfb-4b8a-877d-3b67a6cf8c9d,hiking,ZAF,2024-12-19T09:47:44.390814Z
a6d89a4c-6464-4504-867a-b1412d37a2cc,cricket,CAN,2025-05-17T09:47:44.390820Z
416c8d5c-0a9d-4e46-81c3-93700405b0b4,football,IND,2024-06-04T09:47:44.390826Z
e1903c9c-e372-451c-bd18-7152c139439e,cycling,BRA,2024-12-23T09:47:44.390833Z
f2773522-50df-415c-8aec-da82d223a23d,football,NOR,2024-12-19T09:47:44.390839Z
e0cedc8e-bf75-449f-9dd1-56907fd10370,volunteering,GBR,2024-10-10T09:47:44.390845Z
0969c6f7-56c0-49c9-958a-d8503b380db8,volunteering,ZAF,2024-06-07T09:47:44.390850Z
700ca40d-8244-473e-9718-4bd513d0ab2f,cricket,AUS,2024-11-15T09:47:44.390857Z
d44f0d58-10fa-4d71-9a39-57464963b7fe,football,AUS,2024-06-23T09:47:44.390863Z
29984927-ba9b-4df6-8f96-cb2b6391a217,cricket,BRA,2025-01-24T09:47:44.390869Z
fb245a4f-a2b2-47fa-a260-b40c69637895,cycling,ZAF,2024-09-20T09:47:44.390875Z
75ed4b23-3178-44eb-9250-0c0c6083e34a,hiking,BRA,2025-02-18T09:47:44.390881Z
645f8c9f-fe78-4e05-a03a-645b408c387f,rugby,DEU,2025-05-06T09:47:44.390887Z
e8feb00d-d492-47db-b575-25905c939114,swimming,CAN,2025-01-22T09:47:44.390893Z
f0d8ea56-25a1-4bc7-a82e-099c6a54e4d8,swimming,FRA,2024-07-13T09:47:44.390899Z
fd0da993-755f-433e-a868-c942b97db152,volunteering,CAN,2025-03-29T09:47:44.390905Z
df1bda24-64ad-4332-9104-aa1d2e80fe61,cricket,USA,2024-08-21T09:47:44.390911Z
133946d5-143a-4cfe-a8d4-b81aebe0f1c6,swimming,USA,2024-09-20T09:47:44.390917Z
d820dd3a-f7f8-463b-8d56-26d5b3b0bb2b,swimming,AUS,2024-06-12T09:47:44.390922Z
736141cb-e517-4254-a701-f41b0217b481,cycling,AUS,2025-03-30T09:47:44.390928Z
23abc45b-85e9-468a-8687-978fa1bdebc0,cycling,CAN,2025-02-02T09:47:44.390933Z
ad89a13b-1955-4f95-b569-08985cc79a84,rugby,DEU,2024-11-06T09:47:44.390939Z
1af63dba-e9ce-4582-9020-5c7435a252a0,hiking,USA,2024-07-31T09:47:44.390946Z
0b462fab-4446-4ea3-9b7c-c431d682f7c8,football,ZAF,2024-08-21T09:47:44.390951Z
94071547-23f8-49b2-aed8-48a5be155d6b,hiking,ZAF,2024-11-12T09:47:44.390961Z
0b1e3188-66b5-46ca-afd4-53917db9dbc6,hiking,NOR,2025-04-03T09:47:44.390967Z
9f595788-b5e6-4abd-89ff-3f9814b7de51,basketball,BRA,2025-01-20T09:47:44.390974Z
46086cf1-e2a7-4999-aeb9-6739f6db3418,cricket,USA,2024-06-23T09:47:44.390980Z
a66bb9ef-04f5-45df-b939-6025302e8934,cricket,CAN,2025-03-01T09:47:44.390987Z
d8a2b958-d16b-47d3-86d0-f9ab427dc8bb,hiking,IND,2025-01-20T09:47:44.390993Z
113316e9-1449-4f1a-902b-8e2f4c75e414,volunteering,DEU,2025-03-31T09:47:44.390998Z
6cae612f-deea-4a1a-b8c0-0038ce99cd34,rugby,BRA,2024-09-27T09:47:44.391004Z
bee78045-fe58-4233-8ba2-0d74cb6cc40f,swimming,GBR,2025-03-14T09:47:44.391010Z
b3e4c239-93d5-4817-972b-fb206e38a08c,basketball,FRA,2024-08-18T09:47:44.391015Z
1319ec95-a697-4c5b-8093-126aa44a0819,hiking,ZAF,2024-08-27T09:47:44.391021Z
8989a5ae-f3af-459c-b988-be18b654fdc9,hiking,NOR,2025-01-04T09:47:44.391026Z
5c7fbfe8-13e0-47ce-8adb-60f6f3f6d716,hiking,GBR,2025-04-15T09:47:44.391032Z
e8a3c482-298f-40e1-ac33-36f968b3af58,swimming,USA,2024-06-27T09:47:44.391037Z
77cb99af-b8bf-4c90-acb9-f97a9e44398c,cycling,BRA,2025-01-29T09:47:44.391043Z
d53aad9c-e7f3-4924-afb7-9453c60e390a,swimming,CAN,2024-06-17T09:47:44.391049Z
af4e85f6-7a26-4c07-9db1-cc3bdf3ed5c9,basketball,GBR,2024-08-12T09:47:44.391054Z
5e2de094-72ff-48e4-99ef-852cfc292248,cricket,AUS,2024-07-27T09:47:44.391061Z
84c8f1e7-812c-4219-9399-970afaedef04,swimming,USA,2024-09-13T09:47:44.391067Z
eb39a65b-a1a1-49b8-9d12-aa0850683132,hiking,CAN,2024-06-09T09:47:44.391073Z
6952fa44-7990-401b-8a8a-520788c3124f,cycling,CAN,2024-11-26T09:47:44.391079Z
3eaa4239-8786-4128-8d11-e3f177fe855d,cycling,GBR,2024-11-05T09:47:44.391084Z
bb1d98e1-88b1-4065-9205-921da49d9aab,hiking,USA,2024-08-17T09:47:44.391089Z
bb3246d8-5f1c-439a-9172-f8e5b637081e,basketball,IND,2024-07-09T09:47:44.391094Z
cbfead80-bc52-48fc-baa4-60142bdbc413,swimming,CAN,2024-07-04T09:47:44.391099Z
f0b3911d-00c4-49cf-80e2-396914dbc269,volunteering,GBR,2025-01-31T09:47:44.391104Z
850617a3-b416-482d-a800-f4a5d7155eb4,swimming,ZAF,2024-06-11T09:47:44.391109Z
3050b5c4-b722-4945-909a-a8fea67a931e,cycling,ZAF,2024-08-11T09:47:44.391114Z
eb4b6e70-fb2e-4e09-9afb-ba10dd792826,rugby,FRA,2024-09-08T09:47:44.391119Z
9fd37d62-8753-4ab2-a183-17ef4c140b62,cricket,CAN,2024-11-13T09:47:44.391124Z
f7981000-e363-4296-9a92-305a61f0c423,rugby,AUS,2025-01-09T09:47:44.391129Z
a7b1a387-45c2-4937-bda3-745f33c22f3b,cycling,CAN,2024-05-30T09:47:44.391134Z
700f8faa-0bf0-4e8e-851b-b78c64a311ba,rugby,CAN,2024-10-04T09:47:44.391140Z
c2a53e64-0295-4f37-881a-2cc3084a1c5a,cricket,IND,2024-08-31T09:47:44.391145Z
19807eb3-d010-421f-9807-63c3e272b64e,hiking,USA,2024-06-05T09:47:44.391151Z
6a149a58-bb40-492c-9210-cd4428b02d05,cricket,NOR,2025-01-19T09:47:44.391156Z
36334e9c-6533-4ac6-ab78-3530bf18949d,volunteering,IND,2025-03-19T09:47:44.391161Z
3ec3537b-9162-4422-ae94-d8839f9d5e59,swimming,FRA,2024-11-10T09:47:44.391166Z
ce9ca7d6-3d37-4ae9-b657-74516887219f,volunteering,IND,2024-07-20T09:47:44.391172Z
921959de-f7ff-4c49-b956-16278b139921,cricket,ZAF,2024-11-19T09:47:44.391178Z
02718c3c-160f-473c-b0ef-ed9e5c6ccd07,cycling,NOR,2025-04-19T09:47:44.391183Z
c23422f7-98aa-4079-85e4-882c7d44a46b,swimming,CAN,2024-12-14T09:47:44.391188Z
acdae729-99f0-42e8-bcdb-365d5488075b,swimming,FRA,2025-02-26T09:47:44.391193Z
4c7b8e4c-9c03-49f5-ac57-efb2cf3ea7d6,football,ZAF,2024-05-30T09:47:44.391198Z
4787ad9f-ec18-4967-9487-a35c2f00ebbf,swimming,NOR,2025-01-31T09:47:44.391203Z
ad11b1e2-5735-4c9f-9306-a8a14f9842d3,football,DEU,2024-09-18T09:47:44.391208Z
e39b31f7-a224-48c7-b4a5-585fc5c73371,cycling,CAN,2024-09-30T09:47:44.391213Z
036ed0bc-fbb6-4fad-b4f9-e3528fc7af9f,basketball,FRA,2025-02-01T09:47:44.391218Z
ee621ce8-1d7c-4321-8ccb-e6a9b07b52c8,football,CAN,2024-12-07T09:47:44.391223Z
8138f09e-822e-4c31-aa30-d0930bfd725d,cycling,BRA,2025-02-01T09:47:44.391228Z
bafa7ac0-8ffc-4161-82c5-d14bbfdb7643,swimming,AUS,2024-07-11T09:47:44.391233Z
4522753b-21fc-490d-80f5-1ecd394ee3d1,swimming,BRA,2025-03-08T09:47:44.391242Z
d83d051e-591f-4de1-8b65-c48787ca245d,volunteering,IND,2025-04-23T09:47:44.391248Z
629858c5-7be3-4c4f-9144-6b7a0d01da7d,football,GBR,2025-05-18T09:47:44.391253Z
3886acca-a7e9-4408-9bd0-ecd108a77176,rugby,USA,2024-11-26T09:47:44.391258Z
9de342c5-6222-43c7-85b7-29542c10bee5,basketball,NOR,2024-12-13T09:47:44.391265Z
724e8290-fd6a-4779-ad70-c8b0b69f681b,cycling,IND,2025-03-26T09:47:44.391270Z
55ecbc8e-40c0-433e-8654-d8eb4e44f19b,cricket,DEU,2025-05-01T09:47:44.391275Z
67b18ce5-602e-4a58-a41e-388b0ff61c93,volunteering,AUS,2024-09-22T09:47:44.391281Z
7a4886be-60f9-4d15-9981-bdcaa8596ef5,rugby,DEU,2024-11-30T09:47:44.391286Z
90c39f68-75e8-4ed7-9962-f4825a7a9309,cricket,ZAF,2024-08-23T09:47:44.391291Z
5dfdce2b-1e7b-4309-9247-1efe3f67b879,hiking,FRA,2024-11-05T09:47:44.391296Z
849c3209-b6e0-4305-aeca-7d01ea3cd66c,cycling,ZAF,2025-04-22T09:47:44.391301Z
999b5706-d2c6-44f0-abef-5d0caa667f36,volunteering,BRA,2024-10-13T09:47:44.391306Z
a6823f07-ab75-4ab2-9a6e-f030129f16ed,rugby,BRA,2024-07-30T09:47:44.391311Z
040f3ea3-9e7b-4997-900e-2e71c1003784,cycling,AUS,2024-11-13T09:47:44.391316Z
ec16def1-b3ad-4df5-90c2-a368922e9858,rugby,DEU,2024-11-07T09:47:44.391321Z
cbef5ddb-10ca-4507-a5b7-9f7369e63bb2,swimming,DEU,2024-06-15T09:47:44.391326Z
edca4271-0b75-477a-8f46-98379f2689da,hiking,FRA,2025-02-04T09:47:44.391331Z
90636e34-e48c-499b-814e-97d4cb953aa3,cycling,USA,2024-06-25T09:47:44.391336Z
99630c28-1405-4fad-8bee-c4fd58da4a5d,rugby,DEU,2025-01-04T09:47:44.391342Z
8089eac8-cbc0-4fe7-81ea-258979aff077,cycling,USA,2024-07-05T09:47:44.391347Z
aaf62974-1e8e-4f7e-af79-94c1bf1bc4ac,basketball,FRA,2024-05-24T09:47:44.391352Z
34172735-1c31-4f6f-954c-5b26308b9410,swimming,USA,2024-09-18T09:47:44.391357Z
abb30782-628b-4766-9061-0de0fe09fa99,cycling,IND,2025-02-07T09:47:44.391362Z
157f6fb9-6bbb-491e-979d-53a5eaf0b18e,basketball,BRA,2024-06-13T09:47:44.391367Z
40d0a0cb-296e-413a-8f1c-14c5bd736308,cycling,USA,2025-02-28T09:47:44.391372Z
8e186b14-3c43-4a32-a8d2-8bde3091175f,hiking,CAN,2025-04-18T09:47:44.391377Z
54133401-71b5-4051-b3e3-abb50c0f83f7,swimming,USA,2024-06-15T09:47:44.391382Z
7aa9872e-63e5-43c0-b912-ff518ae8b2df,cycling,GBR,2024-12-04T09:47:44.391387Z
9382a280-428a-4957-bd1d-cd7bb4180185,cycling,DEU,2024-05-31T09:47:44.391392Z
2e114b23-5d4b-4dcf-8f4b-11d404c84f94,rugby,BRA,2024-12-22T09:47:44.391397Z
073d560e-a8e1-4d2c-9a5f-8146d6a40329,football,NOR,2025-03-04T09:47:44.391403Z
503df8b9-eb30-4fa3-b82d-c871ea60b548,volunteering,FRA,2024-07-16T09:47:44.391408Z
3fdeea38-bfda-4060-bc14-47a68b31375c,hiking,GBR,2025-04-04T09:47:44.391412Z
8cf3c4ab-d403-4645-bd4d-d48976908ddf,rugby,CAN,2024-06-13T09:47:44.391418Z
be165a9d-c8e5-41c5-971a-54b96e187042,swimming,GBR,2024-06-05T09:47:44.391423Z
f3818fd4-7d4b-455d-979d-ce1b9d84bdba,cricket,IND,2024-07-19T09:47:44.391429Z
9e16449a-ae93-4bbc-ad58-5d9e6bdd1d7c,hiking,AUS,2024-07-14T09:47:44.391435Z
26e01437-1977-4faf-b01e-32ca1f04bafd,rugby,FRA,2024-09-07T09:47:44.391441Z
89ef4c1e-9fbf-4aff-9893-8ffe4d399ec1,rugby,DEU,2025-03-21T09:47:44.391447Z
726a8dea-4e8b-424a-876e-c354ac053ce4,cricket,AUS,2024-11-19T09:47:44.391453Z
5769862a-c74f-4ba0-87bf-e6bc7557b82a,volunteering,DEU,2025-01-28T09:47:44.391459Z
556aae6d-48ea-4b3d-850e-e64bb74ae427,football,NOR,2024-08-21T09:47:44.391465Z
62273535-3dc1-4909-b977-37ebabde6a2c,hiking,AUS,2025-03-16T09:47:44.391471Z
9d49fe63-8f78-4d46-ae45-5b17ef0c97f0,cricket,GBR,2024-06-06T09:47:44.391477Z
d364fd63-98d5-4d26-8b1d-435f81b6f00a,rugby,CAN,2025-02-13T09:47:44.391483Z
93f402ee-c218-49fb-b215-a9c2e73b2443,basketball,NOR,2025-01-28T09:47:44.391488Z
ddc17afc-c590-47a0-8081-9aae9f04407a,hiking,FRA,2024-12-29T09:47:44.391495Z
942e8454-e7e8-4f70-b041-3a600a18c8cc,cricket,FRA,2024-06-07T09:47:44.391501Z
affbf596-6671-4bca-b559-787ffbbf05e5,cycling,CAN,2025-04-28T09:47:44.391507Z
ca65c3ed-db8b-4a71-aef5-825280587160,rugby,AUS,2025-04-11T09:47:44.391513Z
40766384-ba17-4ff7-b99a-11ad62a56427,football,DEU,2025-02-28T09:47:44.391522Z
02172667-1195-4877-a784-8fe963063d7a,cricket,DEU,2024-06-19T09:47:44.391527Z
693e9042-fd20-4656-bf1d-19556be7d0d7,hiking,NOR,2025-02-26T09:47:44.391532Z
57daff18-467e-426c-aefb-3b94693f38f6,swimming,CAN,2024-12-03T09:47:44.391537Z
03b616a9-1db9-4c84-9a63-c028d1a2ecc6,volunteering,USA,2024-06-25T09:47:44.391542Z
7b391875-006b-43d4-bbf3-d0e0822732d8,hiking,BRA,2024-11-25T09:47:44.391548Z
d81cda17-6772-406d-9262-56124cbab5fc,rugby,IND,2025-05-18T09:47:44.391552Z
62572655-a1d8-4138-b026-a52d922d0eb0,volunteering,AUS,2024-06-08T09:47:44.391558Z
c95b0368-e9cd-4fc7-97e6-869790339880,volunteering,FRA,2024-12-06T09:47:44.391563Z
5552eaa5-5294-44fa-957f-132b7f432fba,hiking,BRA,2024-07-21T09:47:44.391568Z
9b59bb57-50f6-4945-8139-7e8d13fd3fa9,volunteering,AUS,2024-06-07T09:47:44.391573Z
ed87ef57-be84-4b6d-ba20-04c5e797268f,cycling,IND,2025-03-11T09:47:44.391578Z
1339e36b-2e83-4923-ac3f-bbaf23018ee3,cycling,AUS,2025-02-09T09:47:44.391583Z
97c1bcd1-31af-4060-a85d-96fdbc2e80c1,cricket,NOR,2024-11-16T09:47:44.391588Z
e6b22853-f929-40b0-89fb-74d09faace17,basketball,CAN,2024-09-24T09:47:44.391593Z
159938ea-70c7-4a41-94da-e9490b1f7924,rugby,GBR,2025-04-21T09:47:44.391598Z
0d912628-e800-4abf-9c7f-10a14386bec8,hiking,BRA,2025-03-21T09:47:44.391603Z
b0b75e46-b79a-40dd-8f45-fed7308116be,cycling,FRA,2025-04-12T09:47:44.391608Z
2274eabc-86a8-49b6-8b96-8443173aa057,swimming,FRA,2025-05-04T09:47:44.391613Z
a8bf5366-65af-447d-9160-321aa0bde2bb,football,ZAF,2025-05-17T09:47:44.391618Z
fc57c2ab-2299-40b5-833f-3d38418beb74,swimming,DEU,2024-07-21T09:47:44.391623Z
6dcf8481-30d6-4d25-983b-4330291507d2,rugby,IND,2024-08-21T09:47:44.391628Z
65a5258b-f471-4a98-9550-45bd1275d18a,football,AUS,2024-08-25T09:47:44.391633Z
d117ecd7-226f-4a9e-bf6e-2f89d4a8082e,football,BRA,2025-02-18T09:47:44.391638Z
6cbeea2e-8870-4f5f-bffe-e7fbc8d71ee2,football,USA,2024-10-17T09:47:44.391643Z
fb7eb386-84ab-4954-a1b5-0bec8dac4460,cricket,NOR,2025-03-24T09:47:44.391649Z
cef8a3b6-e89e-4aae-add3-6e5e432b23fb,swimming,DEU,2024-08-15T09:47:44.391654Z
c7965e26-3506-4ee5-a11e-630e526ed5b6,hiking,CAN,2024-11-20T09:47:44.391661Z
38416848-afec-4e84-83f8-244507c31551,hiking,USA,2025-03-07T09:47:44.391666Z
638eda97-454e-4135-94d3-6d77bbb7c1d3,swimming,USA,2024-06-22T09:47:44.391672Z
fac4ffe8-85a3-4023-945a-e0ecb1d2dedc,basketball,FRA,2024-10-24T09:47:44.391677Z
6b514d53-07e3-45e6-82f7-ebb13f52c00e,basketball,AUS,2024-08-18T09:47:44.391682Z
dbd60868-ee1e-4070-a366-f73729fd5be3,football,NOR,2025-02-13T09:47:44.391688Z
b3de3a4b-fe86-404b-92cb-3fc09b90492f,cycling,IND,2024-08-02T09:47:44.391693Z
10755c24-5ae1-4be9-841f-8aa70f281a4c,basketball,DEU,2024-11-02T09:47:44.391699Z
462c7bd8-105b-45d8-882f-466746ecc348,hiking,FRA,2025-03-26T09:47:44.391703Z
4a1222cc-14b0-4a0b-82ea-14578be227d3,rugby,GBR,2025-03-06T09:47:44.391708Z
767d4a34-bfde-49f4-8f37-77b4939842c7,football,USA,2024-10-02T09:47:44.391713Z
02a5bf45-8d32-432a-91a2-320722f5ada8,basketball,FRA,2024-10-20T09:47:44.391718Z
0807ba16-2dea-4b8e-bde2-3fd7d92ba82d,cycling,FRA,2024-12-13T09:47:44.391724Z
b5deb487-44e6-4150-a2df-90d34be99ce9,rugby,GBR,2025-03-20T09:47:44.391729Z
19b51257-ca83-4857-ae24-58915f15d758,basketball,GBR,2024-07-16T09:47:44.391734Z
b8e39407-4d00-424b-9506-e0e797ba93aa,basketball,ZAF,2025-03-13T09:47:44.391740Z
db049df1-36c0-4f1f-b327-75f7282b7617,football,CAN,2024-06-03T09:47:44.391745Z
4084e03e-6c4a-43b5-ba58-503b83f46291,basketball,GBR,2024-12-17T09:47:44.391750Z
6025c5ce-44a8-462d-a1bb-3135215f0bbe,swimming,ZAF,2024-07-12T09:47:44.391756Z
1e54214d-6566-4074-a80e-36a48ca40c9c,basketball,CAN,2025-04-16T09:47:44.391762Z
2f5412f9-6ba1-4cbc-9190-657493884d3d,basketball,BRA,2025-03-28T09:47:44.391767Z
1d3c6613-0566-4f5a-be12-c17b96e69e4f,football,USA,2025-01-18T09:47:44.391772Z
7c0dae83-13ab-480b-9c3c-cca96a4712b1,swimming,FRA,2025-02-02T09:47:44.391777Z
d6133a6b-da0e-4c3a-8e70-87b3745bba8b,cycling,NOR,2025-03-07T09:47:44.391782Z
e06b1cbf-e15a-4b10-b8c8-4b7cf58b20a7,football,IND,2024-09-15T09:47:44.391787Z
7214d022-6e89-48e4-a150-96545676c662,swimming,GBR,2024-06-08T09:47:44.391793Z
24fd8800-234b-4b46-ab8b-d2e4a614fdc7,cycling,ZAF,2024-09-08T09:47:44.391799Z
7240d8b6-c385-4896-86b5-742547f8688d,basketball,ZAF,2024-05-27T09:47:44.391804Z
064c767f-74b9-4671-8c47-8a85779c2297,cycling,GBR,2024-09-01T09:47:44.391810Z
4d2718e1-ea0a-4a2f-8667-e40f9e0298f6,cycling,DEU,2025-02-15T09:47:44.391815Z
cbdab1eb-64a2-4ba5-a580-69afe2b5d701,cycling,USA,2024-11-07T09:47:44.391821Z
c65bc24d-dfb7-428f-84d2-82ef2d040442,swimming,AUS,2024-07-06T09:47:44.391826Z
610cd022-23c3-48b5-a34e-38bb857383f4,volunteering,ZAF,2024-05-24T09:47:44.391832Z
4daedfbc-150d-48f3-9a54-77b4a5bb7028,cycling,IND,2024-10-25T09:47:44.391837Z
40ad5a51-fff7-4ad7-88fa-e7c18e97f8c5,volunteering,GBR,2025-04-13T09:47:44.391843Z
044121ea-39a0-4788-bc79-c234b41502f5,cricket,USA,2024-05-27T09:47:44.391848Z
08401eb3-2636-4fcd-94e9-292124005cc1,cycling,AUS,2025-04-07T09:47:44.391853Z
70a56e56-9084-40e7-8081-2a77f7223239,football,BRA,2025-03-12T09:47:44.391859Z
db71414b-cecb-46b2-8aa4-5c0f00f88f85,swimming,BRA,2024-09-21T09:47:44.391864Z
766e3166-37fc-4975-8454-70cf6626f88f,hiking,BRA,2025-01-18T09:47:44.391869Z
ca1340f7-7ac4-46c8-aa5d-8e11bb4e38fd,cricket,FRA,2024-10-18T09:47:44.391874Z
649fc68c-505a-41a4-add1-27e237065175,volunteering,ZAF,2025-03-02T09:47:44.391879Z
b36bfed2-7a37-4e44-8611-03aaf1b360ff,cricket,GBR,2025-02-05T09:47:44.391885Z
e726fb0f-565d-4a9d-a68b-860d035cc606,basketball,IND,2024-09-27T09:47:44.391890Z
523e4ace-10cc-4547-a3b7-456d4fb32744,hiking,IND,2024-06-18T09:47:44.391895Z
4f342239-1366-4936-bc8a-230003ab23a6,swimming,ZAF,2025-05-11T09:47:44.391900Z
62b16348-1ecc-40cb-8e79-f10433b65673,football,NOR,2024-06-02T09:47:44.391904Z
0a80a65b-33ba-4e32-953f-3e6355b8d279,cycling,AUS,2024-06-03T09:47:44.391910Z
26a931d0-9d72-4a04-8793-73b34434d808,cycling,AUS,2024-07-22T09:47:44.391915Z
e0927a41-b767-43f6-b464-7a3267fbb882,cricket,FRA,2024-07-03T09:47:44.391920Z
55531041-ba53-4cdf-9dd3-bed436f4cddf,rugby,USA,2024-06-08T09:47:44.391924Z
a97a4adf-3b85-490f-b52b-11d48dfa8cdc,swimming,FRA,2024-09-12T09:47:44.391930Z
961760a9-d436-4772-a625-5956c727e5b9,swimming,NOR,2024-08-21T09:47:44.391936Z
03b28994-ca7d-4196-a02c-67389d12f344,basketball,AUS,2024-07-01T09:47:44.391942Z
f4cdc602-7e68-4533-ab83-ddf6c44d16d5,cycling,IND,2024-09-26T09:47:44.391947Z
e23d251e-b97c-46c1-a425-246e794f11dd,rugby,IND,2025-02-08T09:47:44.391953Z
bde7a870-c43c-44f4-aaf4-e42d05bf968b,swimming,NOR,2024-09-06T09:47:44.391959Z
5880a21a-9320-44fa-bfd8-8a2db0f47c45,basketball,FRA,2024-12-22T09:47:44.391964Z
46bcf3b2-75cd-4cea-8d1e-f70f9ecdbdd1,rugby,NOR,2024-08-28T09:47:44.391970Z
59025b4b-8fa3-48da-9f1a-70f53749a8ef,hiking,FRA,2025-04-23T09:47:44.391976Z
8a8de595-9342-4b0f-a69f-af126d707af9,football,BRA,2024-08-25T09:47:44.391982Z
023397a2-1466-4c00-9f8f-2f26333a08df,cycling,FRA,2024-08-08T09:47:44.391988Z
25c0a4a9-a041-4216-b049-9552380b92fd,swimming,ZAF,2025-03-25T09:47:44.391993Z
53068627-9843-4f77-b300-5a32c9fc9de4,volunteering,CAN,2024-11-11T09:47:44.391999Z
476c2fda-29cd-44b7-8258-397fdaa81207,basketball,CAN,2024-10-28T09:47:44.392005Z
ecdd1105-2d50-456d-9c39-ff7b78b00440,swimming,DEU,2025-04-27T09:47:44.392011Z
d1168c77-1075-4b69-9f29-929a095827d1,rugby,GBR,2024-12-23T09:47:44.392017Z
d63a2c93-996d-42f9-90dd-0121861ff387,volunteering,USA,2025-02-07T09:47:44.392023Z
70412cae-183e-4635-acbb-7bad32c8a1ff,hiking,GBR,2025-04-05T09:47:44.392029Z
81eb53c5-45ed-49e9-9d02-7a6b895ce58a,volunteering,AUS,2024-12-01T09:47:44.392035Z
650f94a9-2745-45e1-9ec9-b625008885c0,cycling,DEU,2024-09-23T09:47:44.392041Z
69f7f9e8-fba2-44f9-930d-6b45c28a17c6,volunteering,AUS,2024-09-24T09:47:44.392047Z
ebbab9d0-9296-49cd-becb-dc05e70128bd,cricket,AUS,2024-08-16T09:47:44.392053Z
55e58cc2-0565-4162-8757-f1f42e89a840,cycling,AUS,2025-01-29T09:47:44.392059Z
182db30c-0d56-4502-a6ff-f43a3d701c0a,rugby,BRA,2025-02-08T09:47:44.392065Z
7aa23103-8b31-4814-a498-d12f1aab8212,basketball,BRA,2025-05-21T09:47:44.392071Z
79aff8be-238e-4249-bd5f-c8002a658afd,rugby,DEU,2024-10-18T09:47:44.392077Z
1f4ea485-9cfd-41e0-8ff7-638841aa6a86,rugby,BRA,2024-11-21T09:47:44.392083Z
f1125a14-d104-43fe-8f42-16a05d6d1c14,rugby,DEU,2024-08-15T09:47:44.392088Z
4ab19163-94c2-4ebb-a64c-765665c26d86,swimming,NOR,2025-01-08T09:47:44.392094Z
50fded37-ea95-4b6a-905b-5049778aa340,cricket,AUS,2024-12-26T09:47:44.392100Z
23d74176-f428-467e-a2c6-87e1cfe6fe3c,cricket,AUS,2024-07-27T09:47:44.392105Z
d4182be4-3332-474b-848e-eafb9b9b22c4,hiking,BRA,2024-11-22T09:47:44.392111Z
4662102f-5b81-4dab-bb56-364a63494e2f,cycling,CAN,2024-11-01T09:47:44.392118Z
e7f877f9-c619-4faa-8595-5c743668d0cb,volunteering,BRA,2024-08-26T09:47:44.392124Z
9c28127c-49fe-42e5-87fb-12192d740853,hiking,NOR,2024-11-22T09:47:44.392129Z
dca7fc58-a923-483f-a727-ed7381ed52c3,basketball,AUS,2024-08-16T09:47:44.392134Z
1774d6dc-43db-48bc-8aa3-7d6468166d73,cycling,DEU,2025-04-19T09:47:44.392139Z
e4672d45-7792-419f-a48d-3d1c75556ce0,basketball,FRA,2024-09-23T09:47:44.392144Z
bf5ef2b3-174e-4282-87ce-8843af4e3531,swimming,USA,2025-02-02T09:47:44.392149Z
a5903ccd-dbfb-4e26-8be3-dbcbacc95849,cricket,FRA,2025-05-17T09:47:44.392154Z
e1ea9c6a-9e6d-430d-bc62-48ef90d07408,cricket,ZAF,2025-03-13T09:47:44.392160Z
daaac0f0-9050-4150-8903-25f9dec3c06c,football,GBR,2024-08-01T09:47:44.392165Z
0fe3c031-d930-4493-a48d-f61cf56951f3,cricket,AUS,2024-08-28T09:47:44.392170Z
3cdc8bc9-f363-40d7-9dc2-d301d7731928,cricket,GBR,2024-09-24T09:47:44.392177Z
1fe44e88-aff3-4725-a1b1-2e106b58e48d,football,GBR,2024-11-02T09:47:44.392182Z
c98e5090-0633-4fdd-9484-4c5fb38dfcb7,football,USA,2024-08-03T09:47:44.392187Z
c8916054-1c28-48d2-8f69-4652a170402c,rugby,ZAF,2024-12-20T09:47:44.392192Z
432ad11f-08e3-4a93-a333-2e07ad0d8305,rugby,AUS,2024-11-08T09:47:44.392197Z
8f8f25b5-1d18-48c3-b121-bffd058a4886,hiking,GBR,2025-04-24T09:47:44.392203Z
8491c1c5-d3f9-429a-a1bd-e3694b923c7b,rugby,ZAF,2025-05-12T09:47:44.392208Z
86c615b7-b71e-4289-9559-a9367abd3f25,swimming,IND,2024-08-12T09:47:44.392213Z
3d1fbb06-6236-49fc-9637-677e5dc2cd3d,volunteering,USA,2025-05-09T09:47:44.392218Z
d177d03d-708b-46de-b8cc-2d60002a17ec,volunteering,GBR,2024-11-04T09:47:44.392223Z
8fadf54b-47b5-4c29-8443-f0f5b60e977c,football,GBR,2025-05-18T09:47:44.392228Z
238913cb-0a43-4b00-a80e-865ca2434e73,cycling,IND,2025-04-02T09:47:44.392233Z
5e9dc205-1f4d-4361-81bd-b432d84bfc0e,cycling,CAN,2024-07-24T09:47:44.392238Z
d30aa019-bf51-4d51-a7c4-f6ceda58ae29,volunteering,USA,2025-01-12T09:47:44.392244Z
38e3ab30-5042-4ec8-abd3-f368569a2b27,basketball,USA,2024-11-20T09:47:44.392248Z
90308c55-932b-4d81-abe2-23c0684f959c,volunteering,USA,2025-04-27T09:47:44.392254Z
d842b90e-1f77-4b63-bf01-cd0c2d8965c3,hiking,DEU,2025-01-04T09:47:44.392259Z
ae13cfe1-b3f0-4d85-becd-a7200ee44dbb,rugby,BRA,2024-11-21T09:47:44.392264Z
4c98b3e2-41eb-4d1f-81e5-4613968bb9db,volunteering,IND,2024-09-11T09:47:44.392268Z
81fae553-6ece-4f9b-9359-987c8df4a7b9,volunteering,FRA,2024-07-01T09:47:44.392274Z
c8e6dbce-fc10-4a47-9606-1da51ffd1130,swimming,IND,2025-02-05T09:47:44.392279Z
1cf44101-3696-4ed3-b430-cdcebdd8c7a4,hiking,GBR,2024-09-07T09:47:44.392284Z
624b127f-aec2-41b6-9406-cc4e66be30f5,hiking,FRA,2024-06-08T09:47:44.392289Z
8e070094-ea14-4bb4-93b5-ef786de1ba0d,cricket,IND,2024-06-21T09:47:44.392294Z
644c4f1f-a212-41d7-8295-185a9531a154,volunteering,CAN,2024-05-30T09:47:44.392299Z
6beca70a-fe39-4f92-b543-3a0ce1afac2d,cycling,GBR,2024-12-16T09:47:44.392305Z
1f7f2f5a-3805-46a3-b02a-cf0885b611f7,hiking,GBR,2024-06-26T09:47:44.392310Z
631bd64c-48a4-4520-8a55-418503133a4e,volunteering,DEU,2024-11-24T09:47:44.392315Z
e52a9c87-585c-43e1-827a-82a3445d7d09,rugby,IND,2024-09-19T09:47:44.392320Z
6ec7b1a8-51e5-46a0-a9fc-ce8e34dd33c7,rugby,USA,2025-04-10T09:47:44.392325Z
d2338e6f-7635-409b-a929-60d1afb86e48,rugby,CAN,2025-01-12T09:47:44.392330Z
e632d9e8-b7b8-4e32-8c71-0a41d1e9917a,volunteering,CAN,2025-02-10T09:47:44.392335Z
c56a59c0-556c-4ab6-af2d-e03a678234de,volunteering,DEU,2024-06-26T09:47:44.392340Z
dabbdae9-26e0-4daa-8562-a290aa868ee8,cycling,ZAF,2024-08-21T09:47:44.392351Z
acf2008a-31f7-4794-8a2b-19c2316fe0d2,swimming,FRA,2025-01-31T09:47:44.392356Z
ddeda270-c099-48ad-81d8-cab5bc17fc04,rugby,AUS,2025-03-17T09:47:44.392361Z
4fd2334b-ec4e-468e-9beb-e74a0ccf8a46,basketball,BRA,2024-09-04T09:47:44.392366Z
33d15c9c-a8c8-4d5d-bf61-2fdd53dad5fa,volunteering,AUS,2025-01-16T09:47:44.392372Z
cf553975-4a07-4c61-8364-a1dd0abcca43,football,GBR,2024-08-01T09:47:44.392377Z
703fe83b-ce42-4cbe-ba63-acc3600ac1cc,swimming,FRA,2024-05-25T09:47:44.392382Z
fb15aa9c-6905-4291-b216-7caec03fe363,football,FRA,2024-10-05T09:47:44.392387Z
f0c6e88c-7ceb-4285-8cf4-4be9afe567c3,cycling,USA,2025-03-13T09:47:44.392392Z
114bf020-60b2-4f59-b36a-3928dc762d90,cycling,BRA,2025-04-09T09:47:44.392397Z
4b00f7a7-b932-4c42-8cd2-52c6efbb042b,hiking,GBR,2024-09-01T09:47:44.392403Z
681eb265-8680-4da4-918a-b6ba2ee07f7c,basketball,DEU,2025-05-02T09:47:44.392408Z
008f252a-e347-466d-9c0f-0bb6f2492905,basketball,BRA,2025-01-19T09:47:44.392413Z
6be206b4-7f59-4c16-a6c3-5a296933f1fa,basketball,CAN,2024-08-17T09:47:44.392418Z
5c7c2496-1c39-448c-a77a-fe2d742044ca,cricket,BRA,2024-05-30T09:47:44.392423Z
5f0148e5-14cd-4f6a-853b-86e24ada226b,volunteering,FRA,2024-07-26T09:47:44.392428Z
94dbfcda-449e-4d55-b31f-124b961629c0,hiking,FRA,2024-11-25T09:47:44.392433Z
5ab00f33-e39f-4b09-b587-aa624af3724d,swimming,ZAF,2025-04-02T09:47:44.392438Z
75496a64-edec-4774-ad10-56828cab6311,cricket,AUS,2025-01-31T09:47:44.392443Z
d9eb73dd-1ac2-4812-9e52-92a392e50c87,swimming,ZAF,2025-01-28T09:47:44.392448Z
ebdd6d04-ff7a-47d2-97ba-6bfb25672ec2,volunteering,BRA,2024-12-17T09:47:44.392453Z
e68ec292-4996-4973-ae92-d0635b48eb08,swimming,USA,2025-05-07T09:47:44.392458Z
02e46d40-e019-4264-8fc0-e961b78e3b31,hiking,DEU,2024-11-01T09:47:44.392463Z
8c406149-cf9b-4545-85b1-df5415221f8f,cycling,ZAF,2024-09-25T09:47:44.392469Z
9c243946-96ca-4bf5-842f-0afe8961005b,basketball,NOR,2025-03-20T09:47:44.392474Z
02cbfa6c-58c0-444a-9a9f-9fb6b875142d,volunteering,DEU,2025-01-31T09:47:44.392479Z
1cae67a4-1697-458b-a7a5-d626cee48258,cycling,USA,2025-02-17T09:47:44.392486Z
01043288-ef4c-4d35-bf87-c1fcb523b98c,cycling,DEU,2024-07-04T09:47:44.392492Z
f2d9abc2-8ef9-4d73-8e11-62b2b58566da,swimming,DEU,2024-08-22T09:47:44.392498Z
ae99483b-11ec-4c07-8871-80a15c7f64aa,rugby,DEU,2025-04-16T09:47:44.392504Z
87f088c2-a772-483d-b34d-b8059ad6092b,rugby,BRA,2024-10-02T09:47:44.392510Z
3b498ac8-a4f1-442b-a645-751488fbafac,cricket,BRA,2025-03-30T09:47:44.392516Z
7ef96839-3e87-409c-94c0-9cda1856fea6,cricket,USA,2024-05-23T09:47:44.392522Z
5fbfe57a-bd8f-4e0e-89c4-5266063251e6,hiking,USA,2025-02-11T09:47:44.392528Z
64d561dc-8062-4f54-a5c9-af6c5b4ac26d,cricket,GBR,2025-02-09T09:47:44.392534Z
91e7867c-6bff-4710-87c5-6cbf3bb4a480,swimming,AUS,2025-04-02T09:47:44.392540Z
6f2e18c5-b8dc-4866-ae93-8855aff1cf45,volunteering,FRA,2025-05-08T09:47:44.392546Z
0afe3ded-35c6-473b-8344-86c0078811dd,swimming,FRA,2025-05-18T09:47:44.392552Z
380b4dc5-6be1-48da-81d2-677dfe818dee,basketball,IND,2024-11-20T09:47:44.392558Z
97962817-a951-4948-81d2-305564432df9,football,USA,2024-09-24T09:47:44.392563Z
419d7972-cc60-422b-b3ab-88369204c4f0,basketball,NOR,2024-08-22T09:47:44.392568Z
f26f8118-84c2-462b-b204-52db9f81b1f0,cricket,AUS,2024-09-02T09:47:44.392573Z
ffeefb32-735f-4a15-86de-5697316ef5d2,volunteering,AUS,2024-07-21T09:47:44.392578Z
2dad6a16-220e-4131-bf44-0128ddc99bee,swimming,NOR,2025-04-06T09:47:44.392583Z
65e936f6-8020-4182-8dae-abfa9dcd5992,cycling,USA,2024-07-06T09:47:44.392588Z
45a3b255-9c4f-431b-abf0-c5ce6ae1f526,hiking,FRA,2024-07-12T09:47:44.392593Z
5435d4fe-6841-4699-a009-50d2f89e9510,swimming,ZAF,2025-02-21T09:47:44.392598Z
b3abb9cb-a596-477a-b3c2-70d2b8421ba3,hiking,BRA,2024-12-03T09:47:44.392603Z
3d945c6f-da51-4b7e-90f7-86eee5f54658,cycling,IND,2024-11-23T09:47:44.392608Z
28dd9c15-b090-4ba5-9fef-307fddd59a39,cycling,GBR,2024-12-26T09:47:44.392613Z
dea49af6-9f3c-409b-8da3-5899456b7f03,basketball,DEU,2024-10-16T09:47:44.392618Z
30d601e7-ade9-4d9f-a7eb-d67beb817ba1,rugby,AUS,2024-08-01T09:47:44.392627Z
545120ad-1065-4a88-8e40-2ef40a9f6d1d,cycling,USA,2024-06-07T09:47:44.392632Z
eaecda50-1f9a-4b26-a9f4-2a4aad495fb5,basketball,FRA,2024-10-28T09:47:44.392637Z
a4a49e4c-ff55-46d3-90ce-50db6f741921,cricket,BRA,2025-03-01T09:47:44.392642Z
3dbb1dfe-5fde-4e93-9539-0e21d6fa455d,cricket,DEU,2024-09-02T09:47:44.392647Z
ace39152-843f-4795-8d4e-44e522130b81,rugby,FRA,2025-05-18T09:47:44.392652Z
eb49ee44-5e69-4a69-a768-fc2a37555a52,cricket,USA,2024-09-29T09:47:44.392657Z
68ad5e9d-1062-4314-abb8-7346f8a0eacc,rugby,GBR,2024-06-21T09:47:44.392662Z
5f65bf65-1ed8-432f-9ae6-757078f7f6ce,cycling,CAN,2025-01-28T09:47:44.392667Z
79b0ad66-6857-4fd7-9f84-b493413f1949,football,ZAF,2025-03-25T09:47:44.392672Z
b24ee378-e2bb-462e-905f-64476ae2ed21,volunteering,GBR,2024-12-02T09:47:44.392677Z
0de28fd5-bcff-4c8c-be86-4bf0cf370ce0,football,FRA,2024-05-22T09:47:44.392682Z
a84d0d71-d663-4889-b9b2-b3f2e28a49f7,volunteering,CAN,2024-07-11T09:47:44.392687Z
9a7c9371-f87f-4c82-b5b6-3ec908958f39,rugby,FRA,2025-01-12T09:47:44.392692Z
3d837c2f-e323-4929-b997-52967aab5060,hiking,NOR,2025-03-05T09:47:44.392697Z
75b46860-9b35-40b8-ad1a-a6ca38a06848,volunteering,DEU,2024-07-13T09:47:44.392702Z
79d52ca6-dbd0-4b6b-b906-980d1217e204,basketball,USA,2024-10-11T09:47:44.392710Z
de72b990-b254-4f89-aa19-3ce98f785174,swimming,BRA,2024-05-29T09:47:44.392715Z
b5b27ac4-f256-4690-bae1-54fddd95b240,rugby,FRA,2024-12-03T09:47:44.392721Z
f9e5cbab-0780-4102-82da-c0d5064902c4,football,GBR,2024-10-22T09:47:44.392726Z
9386a55c-30ba-47db-8e9b-b755c5c6fc89,hiking,ZAF,2024-10-05T09:47:44.392732Z
4189086f-fed2-4ff5-93d1-b8769ab75a4a,rugby,FRA,2025-01-10T09:47:44.392737Z
517636e5-b079-4c93-af7a-cbf870668ae0,cycling,CAN,2024-07-29T09:47:44.392743Z
ef835410-bb43-41c8-8f89-d499012c01ab,football,AUS,2024-08-23T09:47:44.392749Z
aa04b36b-a5ee-42e5-8f7e-806c18cdf18d,cricket,BRA,2025-01-16T09:47:44.392754Z
54549ee5-5e96-4630-8b2c-edcda66a24dd,basketball,USA,2024-09-17T09:47:44.392760Z
1e03e920-43d2-49ec-91c6-70313911ebe1,basketball,DEU,2024-10-10T09:47:44.392765Z
12bc3e0f-4fb4-40e4-ade3-79f295fc66cf,swimming,BRA,2024-08-01T09:47:44.392769Z
916faa9c-aefd-4dff-b3ac-eb2814b57f34,cricket,FRA,2024-05-28T09:47:44.392774Z
e5b35cdf-09e5-4099-8286-65bc06d39f41,basketball,USA,2025-05-20T09:47:44.392779Z
87cccb86-86db-4ec6-9183-dcf918560467,volunteering,BRA,2024-05-29T09:47:44.392785Z
d044a426-e830-4660-9e07-4a2f995ea854,rugby,FRA,2024-10-22T09:47:44.392790Z
5c697840-1031-4c43-8f26-622efe0fb426,volunteering,NOR,2024-07-19T09:47:44.392795Z
59a9c2db-b3e0-4de2-8251-ac8378f47570,swimming,GBR,2024-11-12T09:47:44.392801Z
01de7232-18b3-46f1-b1c3-218769c40ee3,rugby,CAN,2024-10-11T09:47:44.392805Z
57f913fd-5cd2-4635-9f4f-394679712362,rugby,IND,2025-02-14T09:47:44.392810Z
621d9847-3e3f-4845-b0cf-1f7252ad1266,cricket,IND,2025-01-27T09:47:44.392815Z
98eb0234-76b6-4213-94c8-d515da74df02,rugby,GBR,2024-09-14T09:47:44.392821Z
387a6aed-bc9b-401d-a503-91e845487acf,volunteering,DEU,2024-05-28T09:47:44.392826Z
3068a3d5-93bb-4aa7-93cc-c0fe7327e0b8,basketball,GBR,2024-08-05T09:47:44.392831Z
a1ba2d21-035b-4735-a238-7be9d0d8fddb,cricket,IND,2024-11-21T09:47:44.392836Z
323863b2-f516-42a7-8229-5d9771be0305,hiking,IND,2024-06-13T09:47:44.392843Z
823aada7-086e-41f3-8191-6aa8758bd952,swimming,BRA,2024-06-11T09:47:44.392849Z
4b1a810c-db5b-43ec-a030-ed19f3887537,cycling,IND,2024-06-10T09:47:44.392854Z
879dd043-4bbd-4d39-9cac-1c790dd60c97,cycling,IND,2024-08-25T09:47:44.392859Z
60530356-a94a-475d-aac5-8b57afaee367,football,GBR,2025-01-15T09:47:44.392864Z
c2dcac0d-3ce3-4770-a56a-54b844fc197c,swimming,DEU,2025-04-25T09:47:44.392869Z
75fb28c1-22f0-4884-9953-9ea8bd29c7d5,basketball,BRA,2024-12-02T09:47:44.392874Z
e7f0079a-2ef2-4f20-b20f-934f75c203da,cycling,AUS,2024-07-31T09:47:44.392879Z
2be5f98b-305c-451e-971f-a4e3dec52aef,swimming,IND,2025-01-29T09:47:44.392884Z
9503c022-3714-4deb-adf5-93b6054cfcef,rugby,ZAF,2024-09-29T09:47:44.392889Z
58489d40-61c2-46e2-9da5-a6fdc9335815,swimming,GBR,2025-02-22T09:47:44.392902Z
d5eacd62-7f79-4050-b0e8-dc48b8d79bff,football,FRA,2024-07-12T09:47:44.392907Z
0539ce0f-a339-49ec-8ba2-6478b0026421,swimming,NOR,2025-03-07T09:47:44.392913Z
07bf622a-0073-4739-9eaa-254a3a5c9ebe,football,USA,2025-01-07T09:47:44.392919Z
357feb30-e858-4dbb-9e8a-838e954ba81f,rugby,GBR,2024-11-14T09:47:44.392925Z
ff829d0e-a336-4ab0-82fc-154eabca0453,cricket,CAN,2024-12-19T09:47:44.392931Z
ee8e60ae-2c44-4e49-bc38-8a68c329277e,cycling,DEU,2025-04-24T09:47:44.392937Z
511438d6-8184-4429-8adf-246b946747cd,hiking,ZAF,2024-10-25T09:47:44.392943Z
61848bb0-a15c-4284-a2f1-866606042f5d,football,USA,2025-04-01T09:47:44.392949Z
f7cd2b82-98ea-4416-ae58-46cc3c8436d1,football,NOR,2024-08-23T09:47:44.392954Z
d9d58000-7851-45bc-b237-5db8ac5153bb,hiking,USA,2024-12-28T09:47:44.392961Z
3b628e05-55d8-4e5d-b548-9a90e0ea4869,volunteering,ZAF,2024-11-17T09:47:44.392967Z
94f786b3-ab7f-4444-9737-338bc6f0a640,volunteering,DEU,2024-09-16T09:47:44.392973Z
0f2dea75-7179-457c-a8f8-e935a7f4c7ae,swimming,IND,2024-07-20T09:47:44.392979Z
7945c6a1-6550-4898-abb6-2f06b230c5fc,volunteering,NOR,2025-04-08T09:47:44.392986Z
805a34d7-2297-4a8e-914d-3622e7a7650f,swimming,CAN,2024-11-25T09:47:44.392992Z
90a33ce8-4542-4f64-bf36-907e93457594,rugby,GBR,2024-06-11T09:47:44.392997Z
713b8d61-7e39-471d-babe-b9516f835a8e,swimming,AUS,2025-04-12T09:47:44.393002Z
99ca7eff-bb67-4614-aa38-10db053d4807,volunteering,DEU,2025-04-24T09:47:44.393007Z
9225d891-3f74-4d01-a636-12876a3e9c52,swimming,IND,2024-06-03T09:47:44.393012Z
d96ab34d-5a25-443f-9846-afdf0e64d214,football,BRA,2024-12-24T09:47:44.393017Z
76f83ba3-af09-43d3-b1c9-487e9f999c43,cycling,FRA,2025-05-16T09:47:44.393022Z
bd377e83-8f0d-4a63-98b4-f0e2dbc247e1,volunteering,ZAF,2025-01-02T09:47:44.393028Z
2edfc245-2940-43bd-8e80-5006b47971fb,basketball,FRA,2024-10-20T09:47:44.393033Z
447f35da-d69a-4992-b3ef-34741e11f0be,swimming,AUS,2024-10-20T09:47:44.393039Z
8dfbb2c9-7944-4762-b695-5b630d445db5,hiking,USA,2024-12-11T09:47:44.393044Z
58dd8211-631d-45ea-a8c9-c08b11bfca73,rugby,BRA,2025-03-22T09:47:44.393050Z
f02445e2-acaa-4467-ab50-c078138bb2aa,cycling,NOR,2024-07-28T09:47:44.393055Z
1f95e5ab-5dca-483a-a655-93f354325b8f,volunteering,ZAF,2024-06-15T09:47:44.393061Z
27ff807b-4340-42cc-bc97-42a36294b72e,basketball,DEU,2025-04-29T09:47:44.393067Z
7451c9ee-37dc-4107-bd3a-937680ed032e,rugby,ZAF,2024-06-25T09:47:44.393073Z
4922e3d3-9b17-442d-baa7-9d217935b13d,football,USA,2025-05-11T09:47:44.393079Z
11a3f25d-606e-40c9-bf68-08c18235265c,cycling,BRA,2025-03-22T09:47:44.393085Z
af847c1c-b655-4ab9-b60d-d4fdf5e91d09,rugby,NOR,2024-06-07T09:47:44.393090Z
2b3e1496-705b-427a-a519-db1e4e794850,cricket,USA,2024-11-06T09:47:44.393096Z
c3e424b2-1661-45f3-8195-f9c02457b27a,swimming,IND,2024-07-09T09:47:44.393102Z
3ad71170-ed3c-434f-956c-80fd2e2339ce,rugby,AUS,2025-02-24T09:47:44.393108Z
fc1f48a3-b4a3-4835-a53b-5d5b7f425890,volunteering,ZAF,2025-04-20T09:47:44.393114Z
63e38e48-3f35-455e-9c71-47f53170b104,cycling,DEU,2024-11-15T09:47:44.393118Z
5cebdc43-2ee3-46f1-9c4e-3e0932ee0d08,football,NOR,2024-07-27T09:47:44.393124Z
778f0de6-1589-457e-94c0-13f731dca284,volunteering,AUS,2024-08-04T09:47:44.393129Z
80d45fbc-3c15-431b-ad29-d7954696404f,basketball,IND,2024-10-11T09:47:44.393134Z
ba325a51-1720-4101-80af-ddc5ebe1e761,football,AUS,2024-10-13T09:47:44.393139Z
45d4ddcf-70a0-4950-a625-fb9adef775b8,football,CAN,2024-07-20T09:47:44.393144Z
94811833-378d-464f-a6bb-f5e4a88ae814,volunteering,FRA,2024-08-14T09:47:44.393149Z
3ec3d109-4c3a-4469-a513-30158051821b,cycling,BRA,2024-06-14T09:47:44.393155Z
f2ebdee3-0916-413e-b0ef-691bdb562855,cricket,BRA,2025-01-28T09:47:44.393160Z
06e20691-47ac-4b50-91d5-5633f7e1a617,swimming,DEU,2024-07-28T09:47:44.393165Z
9e04ba43-f308-4b72-aa3d-9e09021e4e95,football,AUS,2024-08-13T09:47:44.393171Z
7754779d-4716-4d3d-abde-eab5e42ff32e,swimming,USA,2025-03-03T09:47:44.393176Z
292ba600-32bf-4531-a9c4-19885f192f32,hiking,NOR,2025-04-17T09:47:44.393181Z
5bb666e1-45d2-4f73-91b2-ecfc81ce5fb9,hiking,CAN,2024-07-19T09:47:44.393186Z
63997912-ff15-459b-a352-9680e2100e5f,cycling,GBR,2024-06-20T09:47:44.393195Z
44a69700-64ae-4849-a90e-d7f039eed67e,hiking,USA,2025-04-29T09:47:44.393200Z
2ad70a78-8728-4c76-b261-18153ffbfe0d,volunteering,AUS,2024-09-14T09:47:44.393205Z
29e7b790-2a7e-4244-852d-aeb920bb1336,volunteering,IND,2025-03-15T09:47:44.393211Z
c7d88dbd-b6b8-4a22-a96a-5c38eb6d4bb4,rugby,BRA,2025-05-21T09:47:44.393216Z
342f5d96-8d55-4435-a103-a05fc893f471,cycling,CAN,2024-09-01T09:47:44.393221Z
7d5471c5-bc6f-4ad4-aa0b-3e6ddc21db29,volunteering,DEU,2025-01-28T09:47:44.393227Z
d37fee21-b527-48fb-b8c4-f53362846a02,swimming,GBR,2024-12-26T09:47:44.393232Z
a9c85fd0-59fe-46ae-9f22-47fbb5ae0419,cycling,ZAF,2024-08-21T09:47:44.393237Z
531c9b15-cb0d-4a88-916d-5ed2c6c8a2a3,football,GBR,2024-09-07T09:47:44.393243Z
55d1d783-ab3d-4a66-a46d-8002a5396bea,cycling,DEU,2025-03-03T09:47:44.393248Z
ce60142d-3612-4f62-a25f-b3cfcd66a174,rugby,NOR,2025-01-21T09:47:44.393254Z
d29eb2f8-8472-45d5-80ec-6b4d94ff456b,cricket,USA,2025-04-22T09:47:44.393259Z
455b07bb-88a0-4e4d-97cc-5057ff32ad37,swimming,CAN,2025-03-22T09:47:44.393264Z
63208724-52ae-4ac2-af90-b8eafe74f375,volunteering,IND,2024-10-13T09:47:44.393269Z
525f44c0-c28f-49ac-b028-d111bb0e0aa5,cricket,DEU,2025-05-04T09:47:44.393273Z
952d4dfa-555d-4b60-a45f-8a84734ab293,rugby,GBR,2025-04-04T09:47:44.393279Z
2b6701e6-fdbb-4277-83f6-2d2737c44365,volunteering,NOR,2024-10-09T09:47:44.393283Z
85663d3a-0c6f-47ad-bafa-01d02100328f,cycling,NOR,2024-12-29T09:47:44.393289Z
16149767-e892-496e-8555-c6b1ee091b48,football,DEU,2024-05-27T09:47:44.393294Z
cb5ae36d-1fd3-463c-ba91-8b9b1dd2ef4f,volunteering,BRA,2025-01-10T09:47:44.393299Z
e2742bdc-9290-4063-9bea-ace2183ea82b,rugby,IND,2024-09-17T09:47:44.393304Z
2a9ef75f-5ab2-4c96-82d6-c0e3d1d7a3ec,football,ZAF,2024-06-27T09:47:44.393309Z
9cafd633-2b01-4cf3-8925-4cdf6f1640f3,swimming,DEU,2025-04-20T09:47:44.393314Z
2b6062ee-7f53-474c-a2b3-d5e40dd17dfb,rugby,BRA,2024-10-04T09:47:44.393319Z
311771f8-2c7c-4d1a-ad33-879ea050d549,hiking,ZAF,2025-01-02T09:47:44.393334Z
e1f0d96a-2005-4ef5-8eaf-911d9aa1112a,hiking,FRA,2024-11-04T09:47:44.393339Z
3449e186-ec76-4d32-ba63-4d411e8b5240,swimming,CAN,2024-11-23T09:47:44.393345Z
63340328-791e-451e-b9f1-7f2ed23facc0,football,NOR,2024-09-22T09:47:44.393350Z
ad4f04d6-c7c8-4d4b-a49a-39e2136ce109,football,GBR,2025-05-08T09:47:44.393355Z
d62530ef-c798-44d8-a069-d2e071189f6f,swimming,DEU,2024-05-29T09:47:44.393360Z
4fddf94a-3ce5-40f6-ba4c-dc6ba51c7e99,hiking,AUS,2024-09-20T09:47:44.393365Z
6a44994a-b07f-4fb1-a3fa-8a80284ea209,hiking,GBR,2024-12-27T09:47:44.393370Z
eed8f84c-0ea3-4b47-8dc8-5a3227212c59,cycling,ZAF,2024-07-26T09:47:44.393375Z
923ff06d-96f3-4738-9412-4379278095d3,hiking,USA,2025-03-27T09:47:44.393380Z
3db212b7-c278-4488-ac18-64a1c915fb40,cricket,AUS,2025-04-19T09:47:44.393385Z
44f775df-10b4-4b6c-aeb0-03511955882a,cycling,GBR,2024-10-19T09:47:44.393390Z
e1355798-88a4-4cda-87c1-7400f08732bb,basketball,ZAF,2025-05-02T09:47:44.393395Z
1328b276-fd77-45eb-a0ee-78ad0076972a,volunteering,ZAF,2025-02-12T09:47:44.393400Z
04168b30-7407-4a94-9645-613018559813,volunteering,GBR,2025-04-13T09:47:44.393405Z
2544128c-227a-40ef-9af7-501688fd3d95,basketball,FRA,2025-01-13T09:47:44.393410Z
88a87f51-124b-4074-8074-4ff681c69734,hiking,USA,2024-07-16T09:47:44.393415Z
ba8fa888-5505-4e5d-93cb-384e2613ca00,football,ZAF,2025-03-24T09:47:44.393421Z
bbfb2641-4d06-4e70-aacc-73e48bf06a56,rugby,BRA,2025-03-16T09:47:44.393426Z
74ab12c7-26c2-4c45-be62-7ee8113f6d65,swimming,NOR,2024-10-04T09:47:44.393430Z
f445e7ce-e8f9-457e-af7a-bda096fe9b9b,swimming,USA,2024-05-27T09:47:44.393435Z
6c1d0ee6-0a3f-46cc-86d4-86e095293714,cricket,AUS,2025-05-19T09:47:44.393441Z
b9234cd4-5e56-4c34-9828-144726d98bd0,cycling,AUS,2025-05-18T09:47:44.393447Z
072c4bee-1e32-48b4-8d89-747990ea868f,hiking,BRA,2024-12-24T09:47:44.393452Z
c994c162-0112-4154-9fb0-42b57d30e068,volunteering,CAN,2025-01-13T09:47:44.393459Z
faefa4be-e43b-4627-be19-2854cf3b6321,football,AUS,2024-12-19T09:47:44.393465Z
93ee616a-c5b6-4541-9b6c-63bcadf44a57,volunteering,CAN,2024-10-26T09:47:44.393475Z
